date,sales_rep_id,total_sales_amount,deals_closed,customer_satisfaction_score
2023-04-17,REP001,49453.08,5,4.6
2023-04-17,REP002,39897.51,4,4.5
2023-04-17,REP003,50025.31,5,4.3
2023-04-18,REP001,44319.95,4,4.6
2023-04-18,REP002,39535.50,4,4.5
2023-04-18,REP003,59307.76,5,4.7
2023-04-19,REP001,53008.88,5,4.3
2023-04-19,REP002,34780.26,3,4.4
2023-04-19,REP003,59517.71,6,4.6
2023-04-20,REP001,47897.43,5,4.5
2023-04-20,REP002,42499.31,5,4.4
2023-04-20,REP003,59620.95,6,4.5
2023-04-21,REP001,45298.86,4,4.5
2023-04-21,REP002,40867.33,5,4.6
2023-04-21,REP003,59030.78,7,4.5
2023-04-24,REP001,47105.70,4,4.7
2023-04-24,REP002,41363.91,4,4.3
2023-04-24,REP003,67486.63,7,4.3
2023-04-25,REP001,46511.93,5,4.7
2023-04-25,REP002,40890.04,5,4.6
2023-04-25,REP003,60820.21,7,4.4
2023-04-26,REP001,45590.10,4,4.6
2023-04-26,REP002,36756.68,4,4.5
2023-04-26,REP003,57445.57,6,4.6
2023-04-27,REP001,53607.50,5,4.4
2023-04-27,REP002,44217.19,4,4.4
2023-04-27,REP003,57582.64,6,4.5
2023-04-28,REP001,48174.74,4,4.4
2023-04-28,REP002,42027.13,4,4.7
2023-04-28,REP003,51650.18,5,4.5
2023-05-01,REP001,50461.87,6,4.5
2023-05-01,REP002,36687.45,3,4.3
2023-05-01,REP003,65352.64,6,4.4
2023-05-02,REP001,52243.99,6,4.5
2023-05-02,REP002,37820.15,4,4.2
2023-05-02,REP003,61732.38,7,4.5
2023-05-03,REP001,50737.87,5,4.5
2023-05-03,REP002,43247.41,4,4.7
2023-05-03,REP003,63404.45,6,4.5
2023-05-04,REP001,45811.12,5,4.9
2023-05-04,REP002,38734.78,4,4.6
2023-05-04,REP003,60132.06,6,4.6
2023-05-05,REP001,43047.93,4,4.5
2023-05-05,REP002,39720.71,4,4.6
2023-05-05,REP003,65085.85,6,4.4
2023-05-08,REP001,52369.71,5,4.5
2023-05-08,REP002,43172.46,3,4.7
2023-05-08,REP003,60958.80,5,4.7
2023-05-09,REP001,55035.93,6,4.5
2023-05-09,REP002,41813.66,4,4.3
2023-05-09,REP003,71451.49,7,4.8
2023-05-10,REP001,48515.31,5,4.5
2023-05-10,REP002,43855.61,5,4.5
2023-05-10,REP003,57504.86,5,4.6
2023-05-11,REP001,40666.93,3,4.5
2023-05-11,REP002,40877.92,4,4.4
2023-05-11,REP003,52769.90,5,4.5
2023-05-12,REP001,49792.43,5,4.2
2023-05-12,REP002,44474.74,3,4.6
2023-05-12,REP003,58447.64,6,4.6
2023-05-15,REP001,48226.93,5,4.3
2023-05-15,REP002,40058.72,4,4.4
2023-05-15,REP003,55753.97,6,4.4
2023-05-16,REP001,52097.67,5,4.3
2023-05-16,REP002,38169.03,4,4.2
2023-05-16,REP003,66528.63,7,4.5
2023-05-17,REP001,49477.12,5,4.6
2023-05-17,REP002,38319.50,3,4.8
2023-05-17,REP003,51538.29,5,4.4
2023-05-18,REP001,52304.78,5,4.5
2023-05-18,REP002,38066.76,4,4.4
2023-05-18,REP003,58417.11,5,4.4
2023-05-19,REP001,45502.56,5,4.5
2023-05-19,REP002,38278.22,4,4.6
2023-05-19,REP003,61611.67,7,4.5
2023-05-22,REP001,50419.01,5,4.3
2023-05-22,REP002,37721.56,3,4.6
2023-05-22,REP003,60282.37,6,4.5
2023-05-23,REP001,50040.97,5,4.4
2023-05-23,REP002,42915.05,5,4.3
2023-05-23,REP003,60185.24,7,5.0
2023-05-24,REP001,49191.32,5,4.3
2023-05-24,REP002,41195.49,4,4.4
2023-05-24,REP003,69089.45,7,4.4
2023-05-25,REP001,45463.38,5,4.4
2023-05-25,REP002,38317.71,3,4.5
2023-05-25,REP003,63983.84,7,4.5
2023-05-26,REP001,55364.34,5,4.5
2023-05-26,REP002,42048.72,3,4.5
2023-05-26,REP003,56602.28,6,4.4
2023-05-29,REP001,51910.36,6,4.5
2023-05-29,REP002,39324.67,3,4.6
2023-05-29,REP003,57517.32,6,4.7
2023-05-30,REP001,55824.64,6,4.5
2023-05-30,REP002,42479.36,4,4.3
2023-05-30,REP003,64903.38,6,4.6
2023-05-31,REP001,46524.91,5,4.8
2023-05-31,REP002,41950.01,4,4.5
2023-05-31,REP003,65464.25,6,4.4
2023-06-01,REP001,46105.70,4,4.3
2023-06-01,REP002,43156.53,4,4.4
2023-06-01,REP003,65198.52,7,4.6
2023-06-02,REP001,46128.06,4,4.6
2023-06-02,REP002,40559.48,5,4.6
2023-06-02,REP003,68383.46,7,4.4
2023-06-05,REP001,49962.68,6,4.7
2023-06-05,REP002,41004.47,4,4.5
2023-06-05,REP003,60512.67,7,4.6
2023-06-06,REP001,53191.33,6,4.4
2023-06-06,REP002,42338.58,5,4.6
2023-06-06,REP003,60319.88,6,4.8
2023-06-07,REP001,47845.07,5,4.6
2023-06-07,REP002,37491.72,4,4.3
2023-06-07,REP003,62947.95,7,4.4
2023-06-08,REP001,44409.54,4,4.5
2023-06-08,REP002,41870.58,4,4.5
2023-06-08,REP003,55599.41,6,4.2
2023-06-09,REP001,48625.72,5,4.4
2023-06-09,REP002,37497.45,3,4.4
2023-06-09,REP003,70895.70,6,4.6
2023-06-12,REP001,49249.26,5,4.3
2023-06-12,REP002,38311.01,4,4.6
2023-06-12,REP003,67950.61,6,4.2
2023-06-13,REP001,52063.72,5,4.7
2023-06-13,REP002,36357.34,4,4.5
2023-06-13,REP003,71069.61,7,4.7
2023-06-14,REP001,47922.92,6,4.4
2023-06-14,REP002,37433.38,4,4.7
2023-06-14,REP003,67791.62,7,4.6
2023-06-15,REP001,49983.75,6,4.7
2023-06-15,REP002,40288.12,5,4.5
2023-06-15,REP003,67463.55,7,4.5
2023-06-16,REP001,47993.70,4,4.3
2023-06-16,REP002,44862.02,5,4.4
2023-06-16,REP003,64425.80,6,4.6
2023-06-19,REP001,48486.55,5,4.3
2023-06-19,REP002,44962.00,5,4.5
2023-06-19,REP003,73067.45,8,4.7
2023-06-20,REP001,51288.90,5,4.6
2023-06-20,REP002,41905.54,4,4.7
2023-06-20,REP003,60953.67,6,4.5
2023-06-21,REP001,44704.54,5,4.6
2023-06-21,REP002,41920.50,4,4.5
2023-06-21,REP003,59596.52,6,4.2
2023-06-22,REP001,52049.94,5,4.4
2023-06-22,REP002,35933.68,3,4.6
2023-06-22,REP003,62744.76,6,4.5
2023-06-23,REP001,44028.89,5,4.4
2023-06-23,REP002,41862.65,4,4.1
2023-06-23,REP003,68610.93,7,4.6
2023-06-26,REP001,48885.82,5,4.7
2023-06-26,REP002,38402.80,4,4.4
2023-06-26,REP003,64629.60,7,4.6
2023-06-27,REP001,52132.46,5,4.5
2023-06-27,REP002,42699.30,5,4.6
2023-06-27,REP003,61521.72,6,4.6
2023-06-28,REP001,51811.40,6,4.4
2023-06-28,REP002,44304.98,4,4.5
2023-06-28,REP003,64889.97,6,4.5
2023-06-29,REP001,51109.64,5,4.6
2023-06-29,REP002,35249.51,3,4.6
2023-06-29,REP003,65606.21,8,4.5
2023-06-30,REP001,54431.77,7,4.2
2023-06-30,REP002,37102.98,3,4.3
2023-06-30,REP003,69010.69,7,4.4
2023-07-03,REP001,54553.28,6,4.4
2023-07-03,REP002,43616.90,4,4.4
2023-07-03,REP003,67497.32,6,4.4
2023-07-04,REP001,48434.52,5,4.1
2023-07-04,REP002,37320.73,4,4.7
2023-07-04,REP003,65312.23,6,4.5
2023-07-05,REP001,44046.42,4,4.5
2023-07-05,REP002,40011.46,4,4.6
2023-07-05,REP003,64707.41,8,4.6
2023-07-06,REP001,42980.51,4,4.5
2023-07-06,REP002,39152.46,4,4.7
2023-07-06,REP003,62615.68,6,4.7
2023-07-07,REP001,49332.93,5,4.5
2023-07-07,REP002,43060.94,4,4.5
2023-07-07,REP003,67715.66,7,4.4
2023-07-10,REP001,50077.36,6,4.5
2023-07-10,REP002,37783.24,3,4.6
2023-07-10,REP003,61720.10,6,4.5
2023-07-11,REP001,49002.46,5,4.7
2023-07-11,REP002,42708.00,5,4.7
2023-07-11,REP003,65360.25,7,4.2
2023-07-12,REP001,50109.34,5,4.5
2023-07-12,REP002,39095.08,4,4.4
2023-07-12,REP003,63601.34,7,4.5
2023-07-13,REP001,53794.64,5,4.4
2023-07-13,REP002,41674.45,4,4.6
2023-07-13,REP003,61324.64,6,4.6
2023-07-14,REP001,44080.91,4,4.5
2023-07-14,REP002,36245.03,4,4.5
2023-07-14,REP003,55707.74,6,4.5
2023-07-17,REP001,41764.83,4,4.5
2023-07-17,REP002,40985.50,4,4.3
2023-07-17,REP003,63038.90,6,4.6
2023-07-18,REP001,51604.28,5,4.4
2023-07-18,REP002,41571.19,4,4.5
2023-07-18,REP003,54830.22,5,4.2
2023-07-19,REP001,50262.40,6,4.4
2023-07-19,REP002,38947.03,4,4.4
2023-07-19,REP003,57320.81,6,4.5
2023-07-20,REP001,52920.62,5,4.4
2023-07-20,REP002,40433.98,4,4.5
2023-07-20,REP003,67837.22,6,4.3
2023-07-21,REP001,49513.07,5,4.3
2023-07-21,REP002,37393.45,3,4.5
2023-07-21,REP003,58508.83,7,4.6
2023-07-24,REP001,45991.87,4,4.4
2023-07-24,REP002,37161.28,4,4.7
2023-07-24,REP003,60213.79,6,4.2
2023-07-25,REP001,44329.43,4,4.5
2023-07-25,REP002,41451.34,3,4.6
2023-07-25,REP003,59366.74,5,4.3
2023-07-26,REP001,47288.47,5,4.3
2023-07-26,REP002,43320.27,4,4.6
2023-07-26,REP003,67840.70,7,4.4
2023-07-27,REP001,51640.61,4,4.7
2023-07-27,REP002,40642.74,4,4.3
2023-07-27,REP003,55716.23,5,4.6
2023-07-28,REP001,49462.57,4,4.4
2023-07-28,REP002,42191.52,5,4.5
2023-07-28,REP003,63086.27,6,4.4
2023-07-31,REP001,45266.61,4,4.3
2023-07-31,REP002,41870.48,5,4.5
2023-07-31,REP003,58431.22,6,4.8
2023-08-01,REP001,43078.61,5,4.5
2023-08-01,REP002,41407.17,4,4.7
2023-08-01,REP003,60613.44,7,4.3
2023-08-02,REP001,52069.06,4,4.3
2023-08-02,REP002,41617.82,5,4.4
2023-08-02,REP003,63567.93,6,4.7
2023-08-03,REP001,43955.73,4,4.5
2023-08-03,REP002,40966.99,4,4.5
2023-08-03,REP003,49711.95,4,4.6
2023-08-04,REP001,51742.55,6,4.5
2023-08-04,REP002,45035.06,4,4.7
2023-08-04,REP003,58913.47,6,4.6
2023-08-07,REP001,43896.46,5,4.8
2023-08-07,REP002,40082.82,5,4.4
2023-08-07,REP003,59673.97,6,4.4
2023-08-08,REP001,51589.39,6,4.6
2023-08-08,REP002,38591.92,3,4.6
2023-08-08,REP003,59135.49,5,4.3
2023-08-09,REP001,47979.15,6,4.6
2023-08-09,REP002,37490.91,3,4.4
2023-08-09,REP003,56131.29,6,4.7
2023-08-10,REP001,58700.81,7,4.4
2023-08-10,REP002,42510.79,4,4.8
2023-08-10,REP003,62808.83,6,4.6
2023-08-11,REP001,46055.39,4,4.5
2023-08-11,REP002,39052.85,3,4.7
2023-08-11,REP003,72216.69,7,4.7
2023-08-14,REP001,42639.12,4,4.4
2023-08-14,REP002,40092.99,4,4.3
2023-08-14,REP003,59511.30,6,4.4
2023-08-15,REP001,53158.65,6,4.4
2023-08-15,REP002,43456.39,3,4.4
2023-08-15,REP003,62506.44,7,4.7
2023-08-16,REP001,52168.53,5,4.6
2023-08-16,REP002,39487.54,3,4.6
2023-08-16,REP003,62573.13,6,4.4
2023-08-17,REP001,55595.97,5,4.5
2023-08-17,REP002,37355.13,4,4.7
2023-08-17,REP003,61788.78,6,4.6
2023-08-18,REP001,51884.39,5,4.4
2023-08-18,REP002,37205.94,3,4.7
2023-08-18,REP003,56782.39,5,4.4
2023-08-21,REP001,44260.79,5,4.5
2023-08-21,REP002,36243.54,3,4.3
2023-08-21,REP003,64589.82,6,4.5
2023-08-22,REP001,50060.69,5,4.5
2023-08-22,REP002,38500.84,3,4.5
2023-08-22,REP003,57368.73,5,4.7
2023-08-23,REP001,52767.43,5,4.6
2023-08-23,REP002,38812.29,3,4.4
2023-08-23,REP003,63295.07,6,4.4
2023-08-24,REP001,52253.00,5,4.3
2023-08-24,REP002,37118.42,4,4.4
2023-08-24,REP003,62718.46,6,4.5
2023-08-25,REP001,54543.09,5,4.3
2023-08-25,REP002,38624.95,4,4.4
2023-08-25,REP003,55271.70,5,4.4
2023-08-28,REP001,43280.60,4,4.9
2023-08-28,REP002,45130.24,6,4.5
2023-08-28,REP003,54172.34,6,4.3
2023-08-29,REP001,46878.27,4,4.6
2023-08-29,REP002,37954.37,4,4.4
2023-08-29,REP003,58038.68,5,4.5
2023-08-30,REP001,46683.80,5,4.4
2023-08-30,REP002,35374.47,4,4.7
2023-08-30,REP003,58184.20,7,4.1
2023-08-31,REP001,44627.10,4,4.3
2023-08-31,REP002,30396.58,3,4.4
2023-08-31,REP003,55186.38,5,4.5
2023-09-01,REP001,45443.86,5,4.4
2023-09-01,REP002,41150.74,5,4.3
2023-09-01,REP003,54774.73,6,4.3
2023-09-04,REP001,45411.40,5,4.7
2023-09-04,REP002,40965.07,4,4.6
2023-09-04,REP003,59786.37,7,4.5
2023-09-05,REP001,46936.64,5,4.3
2023-09-05,REP002,33938.94,2,4.7
2023-09-05,REP003,66862.76,6,4.6
2023-09-06,REP001,48802.33,5,4.6
2023-09-06,REP002,37198.13,5,4.6
2023-09-06,REP003,54668.69,5,4.7
2023-09-07,REP001,46334.24,5,4.5
2023-09-07,REP002,37570.75,4,4.4
2023-09-07,REP003,47915.68,5,4.4
2023-09-08,REP001,44930.46,4,4.4
2023-09-08,REP002,33210.03,4,4.3
2023-09-08,REP003,56925.94,6,4.4
2023-09-11,REP001,48370.31,5,4.6
2023-09-11,REP002,35354.25,3,4.7
2023-09-11,REP003,58462.27,5,4.4
2023-09-12,REP001,46768.52,4,4.6
2023-09-12,REP002,39811.54,4,4.4
2023-09-12,REP003,55719.11,5,4.8
2023-09-13,REP001,49948.72,5,4.4
2023-09-13,REP002,37001.74,4,4.3
2023-09-13,REP003,55549.88,6,4.3
2023-09-14,REP001,42080.76,4,4.4
2023-09-14,REP002,31866.41,4,4.7
2023-09-14,REP003,66506.53,6,4.6
2023-09-15,REP001,51164.79,5,4.7
2023-09-15,REP002,37032.97,3,4.6
2023-09-15,REP003,59393.38,6,4.7
2023-09-18,REP001,47119.75,5,4.7
2023-09-18,REP002,35863.76,3,4.6
2023-09-18,REP003,47533.05,5,4.6
2023-09-19,REP001,46481.28,5,4.4
2023-09-19,REP002,37021.64,3,4.3
2023-09-19,REP003,58778.32,6,4.3
2023-09-20,REP001,49752.70,5,4.4
2023-09-20,REP002,35622.80,4,4.7
2023-09-20,REP003,56947.98,6,4.4
2023-09-21,REP001,52820.81,6,4.4
2023-09-21,REP002,36537.83,4,4.6
2023-09-21,REP003,61051.73,6,4.6
2023-09-22,REP001,40538.77,5,4.4
2023-09-22,REP002,36563.30,4,4.7
2023-09-22,REP003,54651.20,5,4.7
2023-09-25,REP001,48579.55,6,4.5
2023-09-25,REP002,36527.50,4,4.3
2023-09-25,REP003,49396.63,5,4.4
2023-09-26,REP001,52416.88,7,4.5
2023-09-26,REP002,35733.84,3,4.5
2023-09-26,REP003,57611.50,6,4.4
2023-09-27,REP001,45537.77,4,4.4
2023-09-27,REP002,34252.73,4,4.6
2023-09-27,REP003,53694.55,6,4.5
2023-09-28,REP001,49312.83,5,4.8
2023-09-28,REP002,39185.90,4,4.7
2023-09-28,REP003,53062.43,6,4.3
2023-09-29,REP001,46088.94,4,4.2
2023-09-29,REP002,31543.24,3,4.6
2023-09-29,REP003,54173.20,6,4.5
2023-10-02,REP001,42267.74,5,4.7
2023-10-02,REP002,34186.75,3,4.3
2023-10-02,REP003,53227.10,5,4.7
2023-10-03,REP001,45792.03,5,4.6
2023-10-03,REP002,31472.15,4,4.7
2023-10-03,REP003,57708.96,7,4.5
2023-10-04,REP001,45495.82,5,4.5
2023-10-04,REP002,32963.32,4,4.5
2023-10-04,REP003,51768.53,5,4.2
2023-10-05,REP001,49165.55,6,4.3
2023-10-05,REP002,32701.34,4,4.6
2023-10-05,REP003,53747.45,5,4.6
2023-10-06,REP001,50451.26,5,4.6
2023-10-06,REP002,33912.90,4,4.6
2023-10-06,REP003,50273.26,5,4.8
2023-10-09,REP001,38602.82,3,4.6
2023-10-09,REP002,33810.51,3,4.0
2023-10-09,REP003,53357.48,6,4.3
2023-10-10,REP001,40950.61,4,4.7
2023-10-10,REP002,31639.10,3,4.3
2023-10-10,REP003,54713.23,5,4.5
2023-10-11,REP001,36200.33,4,4.2
2023-10-11,REP002,30228.02,3,4.2
2023-10-11,REP003,47519.29,4,4.2
2023-10-12,REP001,42411.22,4,4.8
2023-10-12,REP002,36347.75,2,4.5
2023-10-12,REP003,50731.59,5,4.4
2023-10-13,REP001,46153.13,5,4.4
2023-10-13,REP002,29188.40,3,4.6
2023-10-13,REP003,56940.47,6,4.6
2023-10-16,REP001,44357.19,4,4.5
2023-10-16,REP002,35883.74,4,4.4
2023-10-16,REP003,54702.55,5,4.3
2023-10-17,REP001,45796.66,4,4.5
2023-10-17,REP002,31586.86,3,4.5
2023-10-17,REP003,54426.23,6,4.4
2023-10-18,REP001,43572.58,5,4.4
2023-10-18,REP002,33425.86,3,4.5
2023-10-18,REP003,57604.44,6,4.6
2023-10-19,REP001,48895.13,5,4.6
2023-10-19,REP002,32376.51,4,4.6
2023-10-19,REP003,61212.71,7,4.6
2023-10-20,REP001,45610.61,4,4.4
2023-10-20,REP002,35566.50,3,4.7
2023-10-20,REP003,54713.02,6,4.6
2023-10-23,REP001,45203.74,4,4.2
2023-10-23,REP002,33932.18,4,4.3
2023-10-23,REP003,54393.00,5,4.7
2023-10-24,REP001,38106.38,4,4.5
2023-10-24,REP002,30432.63,3,4.2
2023-10-24,REP003,43487.77,4,4.6
2023-10-25,REP001,41212.15,4,4.5
2023-10-25,REP002,34384.04,3,4.2
2023-10-25,REP003,53382.56,5,4.7
2023-10-26,REP001,38744.40,5,4.5
2023-10-26,REP002,29709.46,3,4.7
2023-10-26,REP003,53528.50,5,4.6
2023-10-27,REP001,47608.39,5,4.8
2023-10-27,REP002,38521.87,3,4.5
2023-10-27,REP003,61376.50,6,4.7
2023-10-30,REP001,45987.85,4,4.4
2023-10-30,REP002,32349.46,4,4.5
2023-10-30,REP003,50879.42,5,4.5
2023-10-31,REP001,44623.80,6,4.5
2023-10-31,REP002,28831.73,3,4.5
2023-10-31,REP003,53682.02,5,4.6
2023-11-01,REP001,42082.85,4,4.4
2023-11-01,REP002,34966.48,3,4.5
2023-11-01,REP003,51672.54,6,4.5
2023-11-02,REP001,47069.00,4,4.6
2023-11-02,REP002,32925.87,3,4.7
2023-11-02,REP003,55105.04,6,4.7
2023-11-03,REP001,45128.06,4,4.6
2023-11-03,REP002,38333.53,4,4.6
2023-11-03,REP003,53292.97,5,4.2
2023-11-06,REP001,41310.32,4,4.7
2023-11-06,REP002,28740.60,4,4.4
2023-11-06,REP003,51723.29,5,4.4
2023-11-07,REP001,37944.97,4,4.7
2023-11-07,REP002,35179.23,4,4.6
2023-11-07,REP003,57883.99,5,4.6
2023-11-08,REP001,48747.37,5,4.5
2023-11-08,REP002,29284.98,3,4.4
2023-11-08,REP003,39214.50,4,4.7
2023-11-09,REP001,45732.98,5,4.4
2023-11-09,REP002,31011.69,4,4.3
2023-11-09,REP003,62262.41,5,4.6
2023-11-10,REP001,41023.47,4,4.2
2023-11-10,REP002,34273.74,4,4.7
2023-11-10,REP003,50054.89,6,4.5
2023-11-13,REP001,42695.79,4,4.7
2023-11-13,REP002,32457.09,3,4.3
2023-11-13,REP003,51799.95,5,4.4
2023-11-14,REP001,36609.63,4,4.5
2023-11-14,REP002,31394.03,3,4.5
2023-11-14,REP003,47624.97,5,4.6
2023-11-15,REP001,44598.19,5,4.4
2023-11-15,REP002,25889.72,3,4.3
2023-11-15,REP003,50540.59,4,4.5
2023-11-16,REP001,45610.42,4,4.3
2023-11-16,REP002,31680.17,3,4.5
2023-11-16,REP003,53136.22,6,4.7
2023-11-17,REP001,45744.57,4,4.6
2023-11-17,REP002,27335.94,3,4.8
2023-11-17,REP003,51619.15,5,4.4
2023-11-20,REP001,47103.45,5,4.5
2023-11-20,REP002,30099.28,2,4.5
2023-11-20,REP003,47266.37,4,4.4
2023-11-21,REP001,49258.24,5,4.5
2023-11-21,REP002,29268.89,3,4.5
2023-11-21,REP003,57037.93,6,4.8
2023-11-22,REP001,42200.77,4,4.4
2023-11-22,REP002,30913.50,3,4.3
2023-11-22,REP003,44304.86,4,4.4
2023-11-23,REP001,44042.55,4,4.5
2023-11-23,REP002,34615.24,4,4.3
2023-11-23,REP003,53364.00,6,4.5
2023-11-24,REP001,39566.96,4,4.5
2023-11-24,REP002,31651.17,3,4.6
2023-11-24,REP003,49373.84,4,4.5
2023-11-27,REP001,42468.59,4,4.5
2023-11-27,REP002,32288.83,3,4.6
2023-11-27,REP003,52977.30,5,4.5
2023-11-28,REP001,50775.25,5,4.5
2023-11-28,REP002,26312.55,2,4.6
2023-11-28,REP003,45813.35,5,4.5
2023-11-29,REP001,45704.07,4,4.5
2023-11-29,REP002,30067.33,3,4.6
2023-11-29,REP003,55235.63,6,4.9
2023-11-30,REP001,43652.41,5,4.5
2023-11-30,REP002,30475.73,3,4.5
2023-11-30,REP003,48492.88,4,4.5
2023-12-01,REP001,43523.55,4,4.5
2023-12-01,REP002,35861.74,4,4.6
2023-12-01,REP003,53710.85,5,4.5
2023-12-04,REP001,44006.57,4,4.7
2023-12-04,REP002,35175.05,3,4.5
2023-12-04,REP003,54705.06,5,4.5
2023-12-05,REP001,44046.91,4,4.6
2023-12-05,REP002,32451.18,4,4.3
2023-12-05,REP003,57235.58,6,4.6
2023-12-06,REP001,46544.31,5,4.5
2023-12-06,REP002,33283.50,3,4.8
2023-12-06,REP003,50597.46,6,4.4
2023-12-07,REP001,47405.06,5,4.3
2023-12-07,REP002,31841.75,4,4.7
2023-12-07,REP003,52579.85,6,4.5
2023-12-08,REP001,46838.89,5,4.4
2023-12-08,REP002,38961.33,4,4.5
2023-12-08,REP003,53448.58,7,4.5
2023-12-11,REP001,48577.60,5,4.4
2023-12-11,REP002,36783.23,4,4.2
2023-12-11,REP003,53496.32,5,4.2
2023-12-12,REP001,41164.14,4,4.6
2023-12-12,REP002,36028.30,4,4.4
2023-12-12,REP003,57670.62,5,4.6
2023-12-13,REP001,39965.97,4,4.4
2023-12-13,REP002,38611.43,4,4.4
2023-12-13,REP003,50615.82,5,4.3
2023-12-14,REP001,44513.93,5,4.4
2023-12-14,REP002,31683.77,3,4.3
2023-12-14,REP003,51933.84,5,4.3
2023-12-15,REP001,45476.17,5,4.5
2023-12-15,REP002,34220.80,2,4.4
2023-12-15,REP003,56470.63,6,4.3
2023-12-18,REP001,51142.34,6,4.3
2023-12-18,REP002,33810.08,4,4.7
2023-12-18,REP003,45764.00,5,4.4
2023-12-19,REP001,46045.50,4,4.7
2023-12-19,REP002,39702.59,4,4.4
2023-12-19,REP003,66370.49,7,4.3
2023-12-20,REP001,49520.17,5,4.4
2023-12-20,REP002,37209.97,3,4.6
2023-12-20,REP003,55938.51,6,4.5
2023-12-21,REP001,39504.74,4,4.6
2023-12-21,REP002,35698.03,4,4.3
2023-12-21,REP003,53980.95,5,4.4
2023-12-22,REP001,47225.55,5,4.3
2023-12-22,REP002,33899.01,4,4.5
2023-12-22,REP003,54410.68,5,4.3
2023-12-25,REP001,52335.56,5,4.4
2023-12-25,REP002,29138.78,2,4.4
2023-12-25,REP003,59767.70,6,4.5
2023-12-26,REP001,41903.82,5,4.8
2023-12-26,REP002,26669.08,2,4.6
2023-12-26,REP003,57399.93,5,4.4
2023-12-27,REP001,47990.38,6,4.2
2023-12-27,REP002,32393.72,3,4.3
2023-12-27,REP003,52836.95,6,4.5
2023-12-28,REP001,43686.77,5,4.3
2023-12-28,REP002,34828.38,4,4.7
2023-12-28,REP003,58110.86,6,4.5
2023-12-29,REP001,44714.79,5,4.7
2023-12-29,REP002,35901.37,4,4.4
2023-12-29,REP003,49381.56,5,4.6
2024-01-01,REP001,43567.94,5,4.5
2024-01-01,REP002,26143.96,2,4.6
2024-01-01,REP003,52553.19,5,4.5
2024-01-02,REP001,41196.84,4,4.4
2024-01-02,REP002,31832.83,3,4.3
2024-01-02,REP003,58267.26,6,4.6
2024-01-03,REP001,45160.67,5,4.4
2024-01-03,REP002,31329.07,3,4.4
2024-01-03,REP003,49296.23,4,4.3
2024-01-04,REP001,42559.75,5,4.2
2024-01-04,REP002,32137.41,4,4.6
2024-01-04,REP003,57555.83,5,4.4
2024-01-05,REP001,38025.65,4,4.8
2024-01-05,REP002,26336.12,3,4.3
2024-01-05,REP003,43360.05,4,4.7
2024-01-08,REP001,41396.57,5,4.6
2024-01-08,REP002,28616.68,4,4.3
2024-01-08,REP003,49471.29,5,4.5
2024-01-09,REP001,42328.62,5,4.7
2024-01-09,REP002,25938.17,3,4.7
2024-01-09,REP003,58758.95,5,4.4
2024-01-10,REP001,43575.56,4,4.6
2024-01-10,REP002,32397.88,4,4.5
2024-01-10,REP003,51076.75,6,4.6
2024-01-11,REP001,44514.31,5,4.4
2024-01-11,REP002,28967.21,3,4.7
2024-01-11,REP003,47453.30,5,4.6
2024-01-12,REP001,42420.86,4,4.6
2024-01-12,REP002,28943.69,4,4.2
2024-01-12,REP003,54869.50,6,4.7
2024-01-15,REP001,36130.12,3,4.7
2024-01-15,REP002,29110.00,3,4.7
2024-01-15,REP003,47448.37,4,4.4
2024-01-16,REP001,43365.96,4,4.5
2024-01-16,REP002,31031.74,3,4.4
2024-01-16,REP003,54629.87,6,4.6
2024-01-17,REP001,45142.30,4,4.5
2024-01-17,REP002,27483.56,3,4.6
2024-01-17,REP003,49382.22,6,4.6
2024-01-18,REP001,50679.74,5,4.5
2024-01-18,REP002,29610.78,3,4.6
2024-01-18,REP003,57413.63,6,4.4
2024-01-19,REP001,39744.29,4,4.5
2024-01-19,REP002,33287.87,4,4.4
2024-01-19,REP003,49421.44,6,4.5
2024-01-22,REP001,37632.74,5,4.4
2024-01-22,REP002,33987.45,3,4.5
2024-01-22,REP003,59954.53,5,4.5
2024-01-23,REP001,41245.37,4,4.5
2024-01-23,REP002,34371.70,4,4.4
2024-01-23,REP003,59314.77,6,4.4
2024-01-24,REP001,42559.36,4,4.5
2024-01-24,REP002,30773.73,3,4.4
2024-01-24,REP003,52816.01,5,4.4
2024-01-25,REP001,47008.59,4,4.5
2024-01-25,REP002,34223.84,4,4.4
2024-01-25,REP003,58190.56,6,4.5
2024-01-26,REP001,45019.52,4,4.7
2024-01-26,REP002,33946.18,3,4.4
2024-01-26,REP003,63286.14,6,4.5
2024-01-29,REP001,38314.03,4,4.6
2024-01-29,REP002,30687.61,3,4.5
2024-01-29,REP003,51536.29,6,4.5
2024-01-30,REP001,43942.33,4,4.2
2024-01-30,REP002,33911.48,4,4.6
2024-01-30,REP003,55203.93,5,4.6
2024-01-31,REP001,54123.80,5,4.6
2024-01-31,REP002,33743.72,4,4.3
2024-01-31,REP003,62194.00,7,4.5
2024-02-01,REP001,50943.82,5,4.8
2024-02-01,REP002,33057.90,2,4.5
2024-02-01,REP003,51428.46,4,4.4
2024-02-02,REP001,45442.49,4,4.7
2024-02-02,REP002,27818.02,3,4.6
2024-02-02,REP003,55299.18,5,4.5
2024-02-05,REP001,40898.05,4,4.3
2024-02-05,REP002,36448.28,3,4.4
2024-02-05,REP003,52515.95,6,4.8
2024-02-06,REP001,41472.70,5,4.5
2024-02-06,REP002,36094.71,4,4.4
2024-02-06,REP003,50858.43,4,4.5
2024-02-07,REP001,46238.03,5,4.3
2024-02-07,REP002,34230.89,4,4.5
2024-02-07,REP003,51232.07,5,4.4
2024-02-08,REP001,45817.02,5,4.7
2024-02-08,REP002,38252.93,5,4.6
2024-02-08,REP003,51737.90,6,4.3
2024-02-09,REP001,44869.19,4,4.4
2024-02-09,REP002,34552.26,3,4.8
2024-02-09,REP003,53407.39,6,4.5
2024-02-12,REP001,41527.41,4,4.8
2024-02-12,REP002,32991.49,3,4.6
2024-02-12,REP003,57974.28,6,4.2
2024-02-13,REP001,42544.71,4,5.0
2024-02-13,REP002,31278.92,3,4.9
2024-02-13,REP003,56808.02,6,4.6
2024-02-14,REP001,39549.42,4,4.5
2024-02-14,REP002,28557.93,2,4.6
2024-02-14,REP003,63137.09,6,4.5
2024-02-15,REP001,50567.57,6,4.3
2024-02-15,REP002,33599.27,4,4.2
2024-02-15,REP003,52406.83,5,4.2
2024-02-16,REP001,42533.59,4,4.6
2024-02-16,REP002,30161.51,3,4.5
2024-02-16,REP003,54315.39,5,4.2
2024-02-19,REP001,48733.63,5,4.5
2024-02-19,REP002,32623.85,3,4.6
2024-02-19,REP003,53172.46,6,4.6
2024-02-20,REP001,43892.20,4,4.5
2024-02-20,REP002,35127.35,3,4.5
2024-02-20,REP003,48926.05,5,4.8
2024-02-21,REP001,42203.11,4,4.4
2024-02-21,REP002,33682.24,3,4.6
2024-02-21,REP003,58244.94,6,4.6
2024-02-22,REP001,44879.20,4,4.5
2024-02-22,REP002,35880.25,3,4.5
2024-02-22,REP003,55605.67,7,4.7
2024-02-23,REP001,50805.25,5,4.4
2024-02-23,REP002,36230.82,4,4.4
2024-02-23,REP003,55934.87,6,4.6
2024-02-26,REP001,50373.94,5,4.5
2024-02-26,REP002,43651.51,4,4.3
2024-02-26,REP003,56624.02,5,4.5
2024-02-27,REP001,45826.20,3,4.5
2024-02-27,REP002,35583.86,4,4.5
2024-02-27,REP003,61215.57,7,4.6
2024-02-28,REP001,47999.18,5,4.6
2024-02-28,REP002,34124.62,2,4.5
2024-02-28,REP003,61257.68,7,4.5
2024-02-29,REP001,43568.60,4,4.5
2024-02-29,REP002,31883.55,3,4.5
2024-02-29,REP003,57312.39,6,4.4
2024-03-01,REP001,39559.04,4,4.6
2024-03-01,REP002,31137.51,3,4.4
2024-03-01,REP003,63725.37,7,4.5
2024-03-04,REP001,49551.69,5,4.5
2024-03-04,REP002,30450.12,3,4.4
2024-03-04,REP003,51698.73,5,4.4
2024-03-05,REP001,50460.52,5,4.5
2024-03-05,REP002,38987.95,4,4.4
2024-03-05,REP003,55057.25,6,4.3
2024-03-06,REP001,50193.34,5,4.6
2024-03-06,REP002,36154.11,3,4.7
2024-03-06,REP003,56011.98,6,4.4
2024-03-07,REP001,44107.42,4,4.4
2024-03-07,REP002,35763.78,4,4.4
2024-03-07,REP003,61535.94,6,4.2
2024-03-08,REP001,43797.86,4,4.4
2024-03-08,REP002,34004.13,4,4.6
2024-03-08,REP003,50222.48,4,4.5
2024-03-11,REP001,46249.57,5,4.4
2024-03-11,REP002,36486.76,3,4.5
2024-03-11,REP003,60332.55,6,4.3
2024-03-12,REP001,51187.74,5,4.6
2024-03-12,REP002,37711.93,4,4.6
2024-03-12,REP003,54622.07,5,4.3
2024-03-13,REP001,41951.27,5,4.5
2024-03-13,REP002,35468.70,4,4.2
2024-03-13,REP003,63308.80,6,4.5
2024-03-14,REP001,46763.30,5,4.7
2024-03-14,REP002,39573.17,4,4.4
2024-03-14,REP003,58170.14,5,4.4
2024-03-15,REP001,46604.58,4,4.4
2024-03-15,REP002,35832.63,3,4.7
2024-03-15,REP003,48831.01,5,4.6
2024-03-18,REP001,47300.35,5,4.5
2024-03-18,REP002,37316.26,4,4.6
2024-03-18,REP003,56766.56,5,4.5
2024-03-19,REP001,50090.72,5,4.4
2024-03-19,REP002,44243.64,4,4.8
2024-03-19,REP003,55127.72,5,4.8
2024-03-20,REP001,54819.34,6,4.6
2024-03-20,REP002,38564.32,3,4.3
2024-03-20,REP003,58479.10,6,4.6
2024-03-21,REP001,51254.09,6,4.7
2024-03-21,REP002,37654.72,3,4.7
2024-03-21,REP003,57971.55,6,4.5
2024-03-22,REP001,43637.04,4,4.3
2024-03-22,REP002,31156.50,3,4.7
2024-03-22,REP003,59585.19,6,4.5
2024-03-25,REP001,49987.80,4,4.4
2024-03-25,REP002,35546.00,3,4.5
2024-03-25,REP003,61143.83,6,4.5
2024-03-26,REP001,51143.94,5,4.5
2024-03-26,REP002,36477.89,4,4.6
2024-03-26,REP003,55021.82,5,4.7
2024-03-27,REP001,43999.31,4,4.7
2024-03-27,REP002,40116.91,4,4.6
2024-03-27,REP003,58097.94,5,4.8
2024-03-28,REP001,51727.78,5,4.5
2024-03-28,REP002,36574.46,4,4.6
2024-03-28,REP003,56688.10,7,4.4
2024-03-29,REP001,47266.20,5,4.3
2024-03-29,REP002,38815.25,5,4.5
2024-03-29,REP003,60911.80,6,4.4
2024-04-01,REP001,48349.44,6,4.6
2024-04-01,REP002,40304.66,4,4.6
2024-04-01,REP003,58850.36,6,4.5
2024-04-02,REP001,50856.07,5,4.3
2024-04-02,REP002,36852.55,4,4.3
2024-04-02,REP003,63816.47,6,4.5
2024-04-03,REP001,44347.83,5,4.3
2024-04-03,REP002,33402.85,3,4.5
2024-04-03,REP003,63921.87,6,4.6
2024-04-04,REP001,50075.88,5,4.7
2024-04-04,REP002,38547.75,3,4.7
2024-04-04,REP003,64923.95,7,4.4
2024-04-05,REP001,51227.84,6,4.4
2024-04-05,REP002,41141.62,3,4.4
2024-04-05,REP003,65107.64,7,4.4
2024-04-08,REP001,45840.68,4,4.8
2024-04-08,REP002,39760.67,4,4.6
2024-04-08,REP003,62345.98,6,4.5
2024-04-09,REP001,53894.90,5,4.5
2024-04-09,REP002,41208.13,4,4.6
2024-04-09,REP003,57558.36,5,4.2
2024-04-10,REP001,44607.68,4,4.4
2024-04-10,REP002,39826.10,4,4.6
2024-04-10,REP003,56215.14,7,4.5
2024-04-11,REP001,47835.84,5,4.5
2024-04-11,REP002,40903.34,4,4.7
2024-04-11,REP003,54647.93,6,4.6
2024-04-12,REP001,49889.84,5,4.5
2024-04-12,REP002,42622.47,4,4.4
2024-04-12,REP003,52635.92,5,4.2
2024-04-15,REP001,54265.65,5,4.7
2024-04-15,REP002,43111.29,4,4.5
2024-04-15,REP003,70551.14,7,4.5
2024-04-16,REP001,48710.50,4,4.5
2024-04-16,REP002,40018.08,3,4.3
2024-04-16,REP003,67692.22,7,4.9
2024-04-17,REP001,44453.79,3,4.7
2024-04-17,REP002,37603.65,4,4.4
2024-04-17,REP003,67387.83,7,4.5
2024-04-18,REP001,55944.29,6,4.4
2024-04-18,REP002,32882.85,4,4.5
2024-04-18,REP003,63486.82,6,4.5
2024-04-19,REP001,47698.41,4,4.1
2024-04-19,REP002,42801.61,4,4.4
2024-04-19,REP003,67487.81,7,4.4
2024-04-22,REP001,47137.44,5,4.8
2024-04-22,REP002,38104.38,3,4.5
2024-04-22,REP003,66160.12,7,4.5
2024-04-23,REP001,53759.40,5,4.5
2024-04-23,REP002,40638.87,4,4.6
2024-04-23,REP003,62757.96,6,4.5
2024-04-24,REP001,54335.59,5,4.8
2024-04-24,REP002,38815.78,3,4.5
2024-04-24,REP003,64491.23,6,5.0
2024-04-25,REP001,52634.48,6,4.6
2024-04-25,REP002,42298.76,4,4.5
2024-04-25,REP003,65420.40,6,4.2
2024-04-26,REP001,55532.31,6,4.6
2024-04-26,REP002,40662.21,4,4.3
2024-04-26,REP003,60562.89,6,4.7
2024-04-29,REP001,50371.23,5,4.6
2024-04-29,REP002,44395.97,4,4.6
2024-04-29,REP003,57802.22,5,4.4
2024-04-30,REP001,50423.95,5,4.4
2024-04-30,REP002,43753.89,5,4.4
2024-04-30,REP003,73038.32,7,4.3
2024-05-01,REP001,48105.72,5,4.5
2024-05-01,REP002,42249.63,3,4.4
2024-05-01,REP003,57157.65,6,4.4
2024-05-02,REP001,49528.06,5,4.7
2024-05-02,REP002,44425.97,5,4.4
2024-05-02,REP003,62280.47,6,4.4
2024-05-03,REP001,51294.92,5,4.6
2024-05-03,REP002,36728.72,4,4.5
2024-05-03,REP003,71640.75,7,4.4
2024-05-06,REP001,49187.73,5,4.6
2024-05-06,REP002,39826.61,4,4.7
2024-05-06,REP003,66815.50,6,4.3
2024-05-07,REP001,54176.81,6,4.7
2024-05-07,REP002,46021.53,4,4.5
2024-05-07,REP003,60333.90,5,4.5
2024-05-08,REP001,54882.38,6,4.5
2024-05-08,REP002,38229.76,4,4.5
2024-05-08,REP003,64319.67,6,4.5
2024-05-09,REP001,53990.20,6,4.2
2024-05-09,REP002,43431.13,4,4.5
2024-05-09,REP003,67612.20,7,4.8
2024-05-10,REP001,51328.90,5,4.3
2024-05-10,REP002,44482.14,4,4.6
2024-05-10,REP003,59751.10,5,4.6
2024-05-13,REP001,54873.02,6,4.4
2024-05-13,REP002,41429.49,4,4.3
2024-05-13,REP003,61109.47,6,4.3
2024-05-14,REP001,44371.64,4,4.5
2024-05-14,REP002,39575.32,4,4.6
2024-05-14,REP003,67642.72,7,4.5
2024-05-15,REP001,47860.87,5,4.6
2024-05-15,REP002,43167.13,4,4.2
2024-05-15,REP003,63918.42,6,4.8
2024-05-16,REP001,47293.57,4,4.5
2024-05-16,REP002,41737.87,6,4.3
2024-05-16,REP003,71691.22,7,4.5
2024-05-17,REP001,51464.60,5,4.7
2024-05-17,REP002,44709.12,4,4.7
2024-05-17,REP003,61304.57,7,4.5
2024-05-20,REP001,49755.46,5,4.4
2024-05-20,REP002,38427.97,5,4.4
2024-05-20,REP003,61844.21,5,4.5
2024-05-21,REP001,45311.36,4,4.5
2024-05-21,REP002,40013.46,4,4.6
2024-05-21,REP003,69202.90,7,4.4
2024-05-22,REP001,50215.96,6,4.6
2024-05-22,REP002,44128.93,5,4.8
2024-05-22,REP003,71712.07,6,4.5
2024-05-23,REP001,59225.40,6,4.5
2024-05-23,REP002,41459.14,4,4.4
2024-05-23,REP003,71187.10,7,4.5
2024-05-24,REP001,53400.36,5,4.5
2024-05-24,REP002,44182.33,4,4.5
2024-05-24,REP003,59495.02,7,4.2
2024-05-27,REP001,50480.90,6,4.2
2024-05-27,REP002,49555.62,5,4.5
2024-05-27,REP003,65584.44,7,4.5
2024-05-28,REP001,55282.00,6,4.7
2024-05-28,REP002,44424.07,4,4.3
2024-05-28,REP003,62655.96,6,4.4
2024-05-29,REP001,55772.32,5,4.4
2024-05-29,REP002,46025.81,4,4.5
2024-05-29,REP003,68581.21,8,4.7
2024-05-30,REP001,50266.12,4,4.5
2024-05-30,REP002,40989.15,4,4.4
2024-05-30,REP003,70710.80,7,4.5
2024-05-31,REP001,56508.63,6,4.5
2024-05-31,REP002,44653.89,5,4.6
2024-05-31,REP003,65208.59,7,4.5
2024-06-03,REP001,57984.60,6,4.6
2024-06-03,REP002,49913.21,5,4.5
2024-06-03,REP003,72861.43,8,4.6
2024-06-04,REP001,54558.58,5,4.2
2024-06-04,REP002,41554.99,5,4.4
2024-06-04,REP003,64833.38,7,4.5
2024-06-05,REP001,51545.12,4,4.6
2024-06-05,REP002,44033.92,5,4.4
2024-06-05,REP003,68995.57,6,4.7
2024-06-06,REP001,56127.58,6,4.5
2024-06-06,REP002,37796.30,3,4.2
2024-06-06,REP003,66277.14,7,4.8
2024-06-07,REP001,50746.75,5,4.3
2024-06-07,REP002,51846.36,5,4.7
2024-06-07,REP003,64319.48,6,4.5
2024-06-10,REP001,45056.99,4,4.5
2024-06-10,REP002,45046.62,5,4.5
2024-06-10,REP003,63514.90,6,4.4
2024-06-11,REP001,59960.70,6,4.5
2024-06-11,REP002,48796.56,5,4.6
2024-06-11,REP003,61244.44,7,4.3
2024-06-12,REP001,53015.09,5,4.7
2024-06-12,REP002,45815.88,4,4.4
2024-06-12,REP003,64163.49,7,4.2
2024-06-13,REP001,56297.55,6,4.5
2024-06-13,REP002,45340.74,5,4.6
2024-06-13,REP003,67473.15,6,4.4
2024-06-14,REP001,53276.85,4,4.6
2024-06-14,REP002,40823.56,4,4.5
2024-06-14,REP003,64840.21,6,4.6
2024-06-17,REP001,54306.99,5,4.5
2024-06-17,REP002,41966.86,5,4.5
2024-06-17,REP003,70071.12,7,4.4
2024-06-18,REP001,54485.29,6,4.5
2024-06-18,REP002,47879.51,4,4.5
2024-06-18,REP003,60344.72,7,4.5
2024-06-19,REP001,59051.66,7,4.4
2024-06-19,REP002,43300.51,5,4.4
2024-06-19,REP003,65858.71,6,4.3
2024-06-20,REP001,60762.11,6,4.4
2024-06-20,REP002,40634.42,4,4.6
2024-06-20,REP003,74275.50,8,4.5
2024-06-21,REP001,59358.80,6,4.6
2024-06-21,REP002,45020.42,4,4.7
2024-06-21,REP003,65518.98,6,4.4
2024-06-24,REP001,56680.72,6,4.6
2024-06-24,REP002,44872.20,4,4.7
2024-06-24,REP003,69546.31,7,4.4
2024-06-25,REP001,50816.62,5,4.4
2024-06-25,REP002,46220.91,5,4.6
2024-06-25,REP003,70759.97,7,4.5
2024-06-26,REP001,50280.59,5,4.7
2024-06-26,REP002,45013.35,5,4.3
2024-06-26,REP003,73180.52,7,4.3
2024-06-27,REP001,50219.31,5,4.7
2024-06-27,REP002,41676.11,4,4.5
2024-06-27,REP003,59360.27,6,4.5
2024-06-28,REP001,49104.15,5,4.4
2024-06-28,REP002,39395.54,4,4.4
2024-06-28,REP003,61349.69,6,4.4
2024-07-01,REP001,53227.30,5,4.7
2024-07-01,REP002,45665.69,4,4.8
2024-07-01,REP003,67195.62,7,4.5
2024-07-02,REP001,53476.55,6,4.4
2024-07-02,REP002,46716.51,4,4.4
2024-07-02,REP003,62282.72,5,4.6
2024-07-03,REP001,48888.56,5,4.6
2024-07-03,REP002,43360.92,5,4.6
2024-07-03,REP003,70839.23,7,4.6
2024-07-04,REP001,57481.02,6,4.6
2024-07-04,REP002,42660.71,5,4.6
2024-07-04,REP003,65402.25,7,4.5
2024-07-05,REP001,54651.45,6,4.7
2024-07-05,REP002,43344.65,5,4.6
2024-07-05,REP003,70833.58,8,4.7
2024-07-08,REP001,55095.77,6,4.7
2024-07-08,REP002,45213.56,5,4.3
2024-07-08,REP003,73071.03,8,4.7
2024-07-09,REP001,55515.95,6,4.6
2024-07-09,REP002,41762.92,3,4.4
2024-07-09,REP003,71871.41,7,4.4
2024-07-10,REP001,56819.77,6,4.4
2024-07-10,REP002,43994.45,4,4.6
2024-07-10,REP003,68277.66,6,4.3
2024-07-11,REP001,47633.66,5,4.6
2024-07-11,REP002,44706.36,4,4.3
2024-07-11,REP003,69724.32,6,4.6
2024-07-12,REP001,51801.67,5,4.8
2024-07-12,REP002,45860.34,5,4.5
2024-07-12,REP003,60014.72,5,4.2
2024-07-15,REP001,52844.00,5,4.5
2024-07-15,REP002,42877.55,5,4.5
2024-07-15,REP003,65110.94,6,4.4
2024-07-16,REP001,54699.74,5,4.8
2024-07-16,REP002,46983.65,5,4.7
2024-07-16,REP003,61111.95,6,4.3
2024-07-17,REP001,56099.35,6,4.3
2024-07-17,REP002,46883.15,5,4.3
2024-07-17,REP003,65296.97,6,4.8
2024-07-18,REP001,52472.43,6,4.5
2024-07-18,REP002,48616.90,5,4.6
2024-07-18,REP003,65956.65,6,4.5
2024-07-19,REP001,59003.69,6,4.4
2024-07-19,REP002,41805.70,5,4.7
2024-07-19,REP003,62665.26,6,4.4
2024-07-22,REP001,48994.67,5,4.5
2024-07-22,REP002,42364.67,3,4.4
2024-07-22,REP003,60919.78,6,4.6
2024-07-23,REP001,55173.55,5,4.6
2024-07-23,REP002,46148.40,5,4.7
2024-07-23,REP003,65142.23,6,4.3
2024-07-24,REP001,58959.04,5,4.6
2024-07-24,REP002,43681.97,4,4.7
2024-07-24,REP003,72260.00,7,4.5
2024-07-25,REP001,53648.26,5,4.6
2024-07-25,REP002,44978.41,4,4.7
2024-07-25,REP003,58327.41,6,4.4
2024-07-26,REP001,49181.04,5,4.5
2024-07-26,REP002,42063.58,5,4.3
2024-07-26,REP003,60474.05,6,4.5
2024-07-29,REP001,52781.71,5,4.4
2024-07-29,REP002,40531.86,4,4.2
2024-07-29,REP003,68006.30,7,4.7
2024-07-30,REP001,54301.92,6,4.5
2024-07-30,REP002,36988.47,4,4.5
2024-07-30,REP003,70031.49,7,4.4
2024-07-31,REP001,56543.20,5,4.6
2024-07-31,REP002,39407.30,4,4.6
2024-07-31,REP003,64614.43,6,4.6
2024-08-01,REP001,45633.15,4,4.2
2024-08-01,REP002,40470.85,4,4.6
2024-08-01,REP003,64073.84,7,4.7
2024-08-02,REP001,57826.53,6,4.1
2024-08-02,REP002,43828.71,5,4.3
2024-08-02,REP003,62394.03,7,4.6
2024-08-05,REP001,54637.66,6,4.2
2024-08-05,REP002,44975.76,4,4.8
2024-08-05,REP003,72300.58,7,4.7
2024-08-06,REP001,50037.15,5,4.6
2024-08-06,REP002,45207.83,4,4.8
2024-08-06,REP003,66508.03,7,4.5
2024-08-07,REP001,52551.77,5,4.5
2024-08-07,REP002,42093.66,5,4.8
2024-08-07,REP003,58372.77,5,4.2
2024-08-08,REP001,51488.22,5,4.6
2024-08-08,REP002,41110.94,3,4.4
2024-08-08,REP003,66340.63,7,4.8
2024-08-09,REP001,58160.89,6,4.6
2024-08-09,REP002,44248.46,5,4.6
2024-08-09,REP003,64108.02,6,4.4
2024-08-12,REP001,52045.10,5,4.4
2024-08-12,REP002,43009.47,4,4.4
2024-08-12,REP003,73620.26,6,4.6
2024-08-13,REP001,52983.19,5,4.6
2024-08-13,REP002,38729.89,4,4.5
2024-08-13,REP003,63981.51,6,4.6
2024-08-14,REP001,54717.40,6,4.4
2024-08-14,REP002,41953.06,4,4.6
2024-08-14,REP003,57682.24,6,4.6
2024-08-15,REP001,58294.55,5,4.7
2024-08-15,REP002,38382.96,4,4.5
2024-08-15,REP003,61374.31,6,4.6
2024-08-16,REP001,55328.04,5,4.6
2024-08-16,REP002,38493.54,3,4.3
2024-08-16,REP003,64741.10,7,4.6
2024-08-19,REP001,52126.89,6,4.2
2024-08-19,REP002,42155.24,4,4.6
2024-08-19,REP003,61880.09,6,4.7
2024-08-20,REP001,56547.52,6,4.4
2024-08-20,REP002,44038.26,4,4.5
2024-08-20,REP003,61900.31,6,4.5
2024-08-21,REP001,55876.99,6,4.4
2024-08-21,REP002,36878.33,3,4.5
2024-08-21,REP003,59148.87,6,4.5
2024-08-22,REP001,54582.91,4,4.5
2024-08-22,REP002,41626.26,4,4.5
2024-08-22,REP003,60188.96,6,4.6
2024-08-23,REP001,48159.23,5,4.6
2024-08-23,REP002,40175.55,4,4.4
2024-08-23,REP003,65070.98,6,4.3
2024-08-26,REP001,53887.66,6,4.6
2024-08-26,REP002,36256.01,3,4.4
2024-08-26,REP003,60647.16,6,4.5
2024-08-27,REP001,50180.51,4,4.7
2024-08-27,REP002,43316.46,5,4.4
2024-08-27,REP003,57057.39,5,4.4
2024-08-28,REP001,50844.32,5,4.6
2024-08-28,REP002,35463.18,3,4.5
2024-08-28,REP003,70874.00,7,4.4
2024-08-29,REP001,52435.03,6,4.5
2024-08-29,REP002,40500.26,5,4.5
2024-08-29,REP003,66480.00,7,4.4
2024-08-30,REP001,51315.98,5,4.6
2024-08-30,REP002,40981.07,4,4.5
2024-08-30,REP003,65078.43,7,4.3
2024-09-02,REP001,54938.97,6,4.5
2024-09-02,REP002,41567.27,5,4.6
2024-09-02,REP003,62904.45,6,4.8
2024-09-03,REP001,51485.26,5,4.4
2024-09-03,REP002,39859.66,3,4.6
2024-09-03,REP003,68090.82,7,4.6
2024-09-04,REP001,50011.00,5,4.5
2024-09-04,REP002,42065.38,4,4.7
2024-09-04,REP003,58761.59,6,4.8
2024-09-05,REP001,55914.37,5,4.4
2024-09-05,REP002,42995.15,4,4.5
2024-09-05,REP003,63074.21,6,4.5
2024-09-06,REP001,47504.66,5,4.6
2024-09-06,REP002,41260.78,5,4.5
2024-09-06,REP003,62629.54,7,4.3
2024-09-09,REP001,48463.80,4,4.7
2024-09-09,REP002,40947.64,4,4.6
2024-09-09,REP003,69548.80,7,4.5
2024-09-10,REP001,53537.77,6,4.3
2024-09-10,REP002,40351.67,4,4.5
2024-09-10,REP003,62120.08,6,4.4
2024-09-11,REP001,53353.91,6,4.6
2024-09-11,REP002,36885.49,3,4.7
2024-09-11,REP003,61888.73,6,4.2
2024-09-12,REP001,47265.54,5,4.4
2024-09-12,REP002,37393.38,4,4.3
2024-09-12,REP003,70265.70,6,4.6
2024-09-13,REP001,51020.67,5,4.4
2024-09-13,REP002,39379.39,4,4.5
2024-09-13,REP003,58797.21,5,4.7
2024-09-16,REP001,53655.40,5,4.6
2024-09-16,REP002,43439.47,4,4.5
2024-09-16,REP003,56893.99,6,4.5
2024-09-17,REP001,53603.02,5,4.8
2024-09-17,REP002,37390.12,3,4.4
2024-09-17,REP003,58234.89,6,4.4
2024-09-18,REP001,47441.04,5,4.3
2024-09-18,REP002,35891.54,3,4.5
2024-09-18,REP003,50896.38,5,4.7
2024-09-19,REP001,47240.69,5,4.4
2024-09-19,REP002,33496.90,3,4.7
2024-09-19,REP003,61118.95,6,4.5
2024-09-20,REP001,52793.60,5,4.6
2024-09-20,REP002,42583.05,4,4.5
2024-09-20,REP003,65323.31,7,4.6
2024-09-23,REP001,52292.46,5,4.5
2024-09-23,REP002,33866.82,3,4.5
2024-09-23,REP003,68490.15,7,4.4
2024-09-24,REP001,47712.42,5,4.4
2024-09-24,REP002,39422.17,3,4.4
2024-09-24,REP003,62563.51,6,4.5
2024-09-25,REP001,46477.37,5,4.6
2024-09-25,REP002,39176.99,3,4.5
2024-09-25,REP003,56306.35,6,4.3
2024-09-26,REP001,48193.54,6,4.7
2024-09-26,REP002,34985.85,3,4.5
2024-09-26,REP003,62876.31,5,4.7
2024-09-27,REP001,52763.60,5,4.6
2024-09-27,REP002,39640.40,4,4.5
2024-09-27,REP003,59146.53,5,4.5
2024-09-30,REP001,47403.62,4,4.4
2024-09-30,REP002,37592.58,3,4.4
2024-09-30,REP003,55966.01,6,4.4
2024-10-01,REP001,53019.72,4,4.4
2024-10-01,REP002,41319.00,3,4.8
2024-10-01,REP003,56822.39,5,4.2
2024-10-02,REP001,45024.52,4,4.6
2024-10-02,REP002,33267.25,3,4.4
2024-10-02,REP003,58945.30,6,4.4
2024-10-03,REP001,51852.31,5,4.3
2024-10-03,REP002,38109.54,4,4.9
2024-10-03,REP003,59285.00,6,4.6
2024-10-04,REP001,48765.16,5,4.3
2024-10-04,REP002,38420.42,4,4.5
2024-10-04,REP003,62828.61,7,4.5
2024-10-07,REP001,56698.69,6,4.5
2024-10-07,REP002,36413.64,4,4.7
2024-10-07,REP003,60880.14,6,4.7
2024-10-08,REP001,55107.26,5,4.7
2024-10-08,REP002,31956.47,4,4.5
2024-10-08,REP003,53960.89,5,4.7
2024-10-09,REP001,44206.46,4,4.5
2024-10-09,REP002,42560.56,4,4.6
2024-10-09,REP003,64734.17,7,4.4
2024-10-10,REP001,42296.06,5,4.7
2024-10-10,REP002,38003.76,4,4.5
2024-10-10,REP003,46627.14,4,4.6
2024-10-11,REP001,52989.33,6,4.5
2024-10-11,REP002,37947.98,3,4.4
2024-10-11,REP003,49398.62,4,4.3
2024-10-14,REP001,39630.88,4,4.3
2024-10-14,REP002,39309.69,4,4.5
2024-10-14,REP003,60730.26,6,4.5
2024-10-15,REP001,46583.99,4,4.5
2024-10-15,REP002,37220.09,4,4.6
2024-10-15,REP003,64735.96,6,4.5
2024-10-16,REP001,47520.85,5,4.4
2024-10-16,REP002,39123.26,4,4.3
2024-10-16,REP003,56061.48,6,4.7
2024-10-17,REP001,51095.95,5,4.7
2024-10-17,REP002,40655.62,4,4.5
2024-10-17,REP003,55109.78,5,4.5
2024-10-18,REP001,47464.17,4,4.6
2024-10-18,REP002,32474.38,4,4.4
2024-10-18,REP003,58098.30,6,4.7
2024-10-21,REP001,49580.09,5,4.6
2024-10-21,REP002,34839.41,4,4.6
2024-10-21,REP003,66199.13,7,4.6
2024-10-22,REP001,46758.46,4,4.3
2024-10-22,REP002,35791.04,3,4.7
2024-10-22,REP003,51762.66,5,4.5
2024-10-23,REP001,46758.37,5,4.4
2024-10-23,REP002,33602.47,3,4.5
2024-10-23,REP003,53704.65,6,4.3
2024-10-24,REP001,49036.73,6,4.2
2024-10-24,REP002,35267.00,4,4.4
2024-10-24,REP003,58000.36,5,4.5
2024-10-25,REP001,47691.16,5,4.6
2024-10-25,REP002,35908.11,4,4.4
2024-10-25,REP003,55217.48,5,4.6
2024-10-28,REP001,52820.93,5,4.3
2024-10-28,REP002,30968.50,4,4.5
2024-10-28,REP003,53957.47,6,4.8
2024-10-29,REP001,51986.32,5,4.7
2024-10-29,REP002,35226.10,4,4.6
2024-10-29,REP003,52581.16,5,4.4
2024-10-30,REP001,41746.69,5,4.5
2024-10-30,REP002,37627.45,3,4.7
2024-10-30,REP003,53405.74,7,4.7
2024-10-31,REP001,42947.21,5,4.4
2024-10-31,REP002,30600.57,3,4.6
2024-10-31,REP003,55688.16,6,4.5
2024-11-01,REP001,53788.40,5,4.9
2024-11-01,REP002,33322.39,4,4.9
2024-11-01,REP003,56912.02,5,4.3
2024-11-04,REP001,54927.67,6,4.5
2024-11-04,REP002,35062.42,3,4.4
2024-11-04,REP003,57353.43,6,4.5
2024-11-05,REP001,49230.73,5,4.6
2024-11-05,REP002,35489.26,4,4.6
2024-11-05,REP003,56828.79,6,4.6
2024-11-06,REP001,44051.95,4,4.5
2024-11-06,REP002,30233.52,3,4.4
2024-11-06,REP003,47320.94,4,4.3
2024-11-07,REP001,45225.19,4,4.6
2024-11-07,REP002,35195.00,4,4.4
2024-11-07,REP003,57846.48,5,4.6
2024-11-08,REP001,41565.85,4,4.6
2024-11-08,REP002,37217.88,4,4.5
2024-11-08,REP003,50577.91,5,4.7
2024-11-11,REP001,47111.64,4,4.4
2024-11-11,REP002,38520.98,3,4.3
2024-11-11,REP003,61680.90,6,4.6
2024-11-12,REP001,48459.81,5,4.7
2024-11-12,REP002,31882.19,4,4.4
2024-11-12,REP003,57799.28,5,4.7
2024-11-13,REP001,55517.28,6,4.4
2024-11-13,REP002,34792.93,3,4.2
2024-11-13,REP003,54338.93,5,4.5
2024-11-14,REP001,45084.29,5,4.3
2024-11-14,REP002,36395.26,4,4.4
2024-11-14,REP003,54109.89,5,4.5
2024-11-15,REP001,50116.33,5,4.5
2024-11-15,REP002,31537.16,3,4.7
2024-11-15,REP003,49713.90,4,4.4
2024-11-18,REP001,47556.26,4,4.5
2024-11-18,REP002,31140.55,3,4.6
2024-11-18,REP003,43810.03,4,4.5
2024-11-19,REP001,45521.50,4,4.3
2024-11-19,REP002,39274.38,4,4.4
2024-11-19,REP003,58553.93,5,4.5
2024-11-20,REP001,46746.43,5,4.6
2024-11-20,REP002,30979.14,3,4.7
2024-11-20,REP003,51482.48,5,4.6
2024-11-21,REP001,44498.93,5,4.4
2024-11-21,REP002,33141.61,3,4.5
2024-11-21,REP003,52911.65,6,4.4
2024-11-22,REP001,44460.23,5,4.6
2024-11-22,REP002,33575.94,4,4.7
2024-11-22,REP003,59666.55,6,4.4
2024-11-25,REP001,44818.96,6,4.5
2024-11-25,REP002,31506.88,4,4.2
2024-11-25,REP003,55006.15,5,4.4
2024-11-26,REP001,46655.64,4,4.6
2024-11-26,REP002,37362.67,4,4.6
2024-11-26,REP003,52640.46,5,4.5
2024-11-27,REP001,51641.12,5,4.5
2024-11-27,REP002,33659.34,4,4.5
2024-11-27,REP003,50301.45,4,4.6
2024-11-28,REP001,42965.82,5,4.6
2024-11-28,REP002,33184.77,4,4.2
2024-11-28,REP003,54732.71,6,4.8
2024-11-29,REP001,43361.52,5,4.5
2024-11-29,REP002,30324.39,3,4.2
2024-11-29,REP003,54363.23,6,4.2
2024-12-02,REP001,44059.37,4,4.4
2024-12-02,REP002,36564.43,4,4.4
2024-12-02,REP003,60542.67,6,4.7
2024-12-03,REP001,51986.03,5,4.5
2024-12-03,REP002,37521.84,4,4.5
2024-12-03,REP003,57698.08,7,4.6
2024-12-04,REP001,44616.60,4,4.4
2024-12-04,REP002,32025.63,4,4.6
2024-12-04,REP003,59631.13,6,4.6
2024-12-05,REP001,43088.57,5,4.6
2024-12-05,REP002,41154.48,4,4.4
2024-12-05,REP003,67726.90,7,4.7
2024-12-06,REP001,47817.71,4,4.4
2024-12-06,REP002,39073.92,5,4.4
2024-12-06,REP003,61960.27,6,4.7
2024-12-09,REP001,53778.88,6,4.6
2024-12-09,REP002,39153.23,2,4.7
2024-12-09,REP003,70970.15,7,4.3
2024-12-10,REP001,47368.90,5,4.8
2024-12-10,REP002,39475.17,4,4.5
2024-12-10,REP003,57632.97,6,5.0
2024-12-11,REP001,46780.24,5,4.6
2024-12-11,REP002,40960.83,4,4.3
2024-12-11,REP003,53077.65,6,4.3
2024-12-12,REP001,51212.55,5,4.6
2024-12-12,REP002,41454.75,5,4.7
2024-12-12,REP003,57392.38,5,4.7
2024-12-13,REP001,43266.60,5,4.3
2024-12-13,REP002,36966.58,4,4.4
2024-12-13,REP003,61676.87,6,4.5
2024-12-16,REP001,53140.98,5,4.6
2024-12-16,REP002,39727.05,5,4.3
2024-12-16,REP003,63525.16,7,4.5
2024-12-17,REP001,45561.94,4,4.6
2024-12-17,REP002,39842.98,5,4.5
2024-12-17,REP003,58060.06,5,4.4
2024-12-18,REP001,51275.09,5,4.4
2024-12-18,REP002,39133.93,4,4.5
2024-12-18,REP003,50141.49,5,4.3
2024-12-19,REP001,53439.18,5,4.6
2024-12-19,REP002,39156.69,4,4.4
2024-12-19,REP003,68426.36,6,4.4
2024-12-20,REP001,51551.34,5,4.4
2024-12-20,REP002,34846.29,4,4.1
2024-12-20,REP003,51236.37,6,4.1
2024-12-23,REP001,47151.43,5,4.4
2024-12-23,REP002,35392.39,4,4.5
2024-12-23,REP003,48370.34,5,4.5
2024-12-24,REP001,48954.29,4,4.2
2024-12-24,REP002,42507.30,4,4.6
2024-12-24,REP003,61304.34,6,4.7
2024-12-25,REP001,53448.15,6,4.4
2024-12-25,REP002,34190.33,4,4.5
2024-12-25,REP003,58820.88,5,4.3
2024-12-26,REP001,52936.78,5,4.4
2024-12-26,REP002,36274.29,3,4.4
2024-12-26,REP003,55634.99,6,4.6
2024-12-27,REP001,48440.73,6,4.5
2024-12-27,REP002,35630.30,4,4.6
2024-12-27,REP003,54219.32,6,4.5
2024-12-30,REP001,46662.16,5,4.6
2024-12-30,REP002,42428.38,5,4.4
2024-12-30,REP003,59684.66,6,4.6
2024-12-31,REP001,43102.63,5,4.4
2024-12-31,REP002,33648.47,3,4.4
2024-12-31,REP003,61713.85,7,4.5
2025-01-01,REP001,49780.17,5,4.6
2025-01-01,REP002,34875.43,3,4.4
2025-01-01,REP003,51875.88,5,4.5
2025-01-02,REP001,46179.50,4,4.6
2025-01-02,REP002,35213.84,3,4.6
2025-01-02,REP003,58625.02,6,4.4
2025-01-03,REP001,50933.30,5,4.7
2025-01-03,REP002,33126.80,2,4.3
2025-01-03,REP003,59081.67,6,4.6
2025-01-06,REP001,50443.04,6,4.4
2025-01-06,REP002,35995.43,4,4.4
2025-01-06,REP003,58413.95,6,4.6
2025-01-07,REP001,53397.59,7,4.5
2025-01-07,REP002,32220.99,4,4.5
2025-01-07,REP003,59353.75,6,4.2
2025-01-08,REP001,44594.95,4,4.2
2025-01-08,REP002,35146.74,4,4.3
2025-01-08,REP003,60247.17,5,4.4
2025-01-09,REP001,46225.68,5,4.7
2025-01-09,REP002,32600.57,3,4.5
2025-01-09,REP003,57383.39,5,4.4
2025-01-10,REP001,46252.15,4,4.6
2025-01-10,REP002,33496.52,3,4.5
2025-01-10,REP003,55718.64,6,4.4
2025-01-13,REP001,41918.05,4,4.7
2025-01-13,REP002,33045.86,3,4.4
2025-01-13,REP003,52627.23,6,4.6
2025-01-14,REP001,47445.22,5,4.6
2025-01-14,REP002,31923.31,4,4.5
2025-01-14,REP003,51231.64,5,4.3
2025-01-15,REP001,47848.07,5,4.4
2025-01-15,REP002,32689.59,3,4.5
2025-01-15,REP003,57502.71,6,4.7
2025-01-16,REP001,47805.15,5,4.3
2025-01-16,REP002,32419.19,3,4.4
2025-01-16,REP003,62107.10,6,4.6
2025-01-17,REP001,53071.39,5,4.4
2025-01-17,REP002,38729.32,4,4.4
2025-01-17,REP003,53353.88,6,4.7
2025-01-20,REP001,38264.43,4,4.4
2025-01-20,REP002,39572.84,4,4.6
2025-01-20,REP003,53097.80,5,4.1
2025-01-21,REP001,50775.74,6,4.4
2025-01-21,REP002,31088.00,4,4.4
2025-01-21,REP003,57156.88,6,4.6
2025-01-22,REP001,44423.72,6,4.3
2025-01-22,REP002,35740.27,3,4.5
2025-01-22,REP003,58088.09,5,4.5
2025-01-23,REP001,51372.34,5,4.7
2025-01-23,REP002,36300.36,4,4.3
2025-01-23,REP003,53182.95,5,4.6
2025-01-24,REP001,47938.60,4,4.6
2025-01-24,REP002,31405.64,4,4.8
2025-01-24,REP003,63255.18,6,4.6
2025-01-27,REP001,41376.06,4,4.8
2025-01-27,REP002,29265.35,3,4.5
2025-01-27,REP003,59453.70,6,4.6
2025-01-28,REP001,47392.61,4,4.4
2025-01-28,REP002,36035.83,3,4.6
2025-01-28,REP003,47670.77,6,4.3
2025-01-29,REP001,52750.20,6,4.5
2025-01-29,REP002,39183.34,4,4.6
2025-01-29,REP003,64047.09,6,4.6
2025-01-30,REP001,44849.85,5,4.4
2025-01-30,REP002,38111.76,4,4.6
2025-01-30,REP003,48711.52,5,4.6
2025-01-31,REP001,49359.90,5,4.7
2025-01-31,REP002,34434.19,3,4.5
2025-01-31,REP003,57221.21,5,4.3
2025-02-03,REP001,51371.67,5,4.5
2025-02-03,REP002,39001.53,4,4.5
2025-02-03,REP003,55471.03,5,4.3
2025-02-04,REP001,53910.43,6,4.6
2025-02-04,REP002,35325.99,3,4.5
2025-02-04,REP003,53333.19,5,4.6
2025-02-05,REP001,47277.65,5,4.6
2025-02-05,REP002,36517.12,3,4.4
2025-02-05,REP003,57552.23,6,4.5
2025-02-06,REP001,48801.59,5,4.4
2025-02-06,REP002,36487.94,3,4.4
2025-02-06,REP003,65946.94,7,4.4
2025-02-07,REP001,49856.02,5,4.3
2025-02-07,REP002,36203.75,3,4.7
2025-02-07,REP003,57145.12,5,4.5
2025-02-10,REP001,47564.09,5,4.6
2025-02-10,REP002,33289.31,4,4.7
2025-02-10,REP003,60005.45,7,4.4
2025-02-11,REP001,52253.31,5,4.7
2025-02-11,REP002,36616.12,4,4.2
2025-02-11,REP003,52755.54,5,4.3
2025-02-12,REP001,44102.21,3,4.3
2025-02-12,REP002,36704.64,3,4.6
2025-02-12,REP003,50483.17,6,4.7
2025-02-13,REP001,39825.80,3,4.5
2025-02-13,REP002,31360.94,3,4.6
2025-02-13,REP003,50059.15,5,4.5
2025-02-14,REP001,43421.87,5,4.6
2025-02-14,REP002,34402.39,4,4.4
2025-02-14,REP003,51185.75,5,4.5
2025-02-17,REP001,48488.80,5,4.5
2025-02-17,REP002,36048.90,4,4.7
2025-02-17,REP003,58957.98,6,4.4
2025-02-18,REP001,46078.46,4,4.6
2025-02-18,REP002,37087.88,3,4.3
2025-02-18,REP003,66416.39,7,4.4
2025-02-19,REP001,49355.21,5,4.5
2025-02-19,REP002,37318.57,3,4.3
2025-02-19,REP003,60359.23,5,4.6
2025-02-20,REP001,48178.77,5,4.6
2025-02-20,REP002,37442.50,4,4.4
2025-02-20,REP003,61062.84,6,4.5
2025-02-21,REP001,47954.89,5,4.6
2025-02-21,REP002,35148.03,4,4.4
2025-02-21,REP003,52754.55,6,4.5
2025-02-24,REP001,45878.23,4,4.5
2025-02-24,REP002,38003.92,4,4.5
2025-02-24,REP003,58126.28,6,4.8
2025-02-25,REP001,49181.15,5,4.5
2025-02-25,REP002,35939.17,3,4.5
2025-02-25,REP003,60018.65,6,4.7
2025-02-26,REP001,59289.98,6,4.4
2025-02-26,REP002,37417.49,4,4.5
2025-02-26,REP003,60283.85,6,4.4
2025-02-27,REP001,51741.47,5,4.8
2025-02-27,REP002,35788.26,3,4.6
2025-02-27,REP003,54700.80,7,4.7
2025-02-28,REP001,52333.22,5,4.6
2025-02-28,REP002,39818.53,4,4.4
2025-02-28,REP003,57268.12,6,4.6
2025-03-03,REP001,48232.42,5,4.6
2025-03-03,REP002,41587.79,4,4.4
2025-03-03,REP003,63584.07,5,4.4
2025-03-04,REP001,47104.87,4,4.5
2025-03-04,REP002,41195.30,5,4.7
2025-03-04,REP003,59284.15,6,4.4
2025-03-05,REP001,51386.26,5,4.6
2025-03-05,REP002,41028.65,4,4.7
2025-03-05,REP003,63875.47,6,4.4
2025-03-06,REP001,55892.06,5,4.8
2025-03-06,REP002,43887.74,5,4.5
2025-03-06,REP003,60390.18,6,4.6
2025-03-07,REP001,48211.98,5,4.8
2025-03-07,REP002,39012.67,5,4.7
2025-03-07,REP003,65016.98,7,4.8
2025-03-10,REP001,49813.21,5,4.5
2025-03-10,REP002,35616.66,3,4.4
2025-03-10,REP003,66169.48,7,4.5
2025-03-11,REP001,48732.25,4,4.3
2025-03-11,REP002,35995.78,3,4.5
2025-03-11,REP003,63441.35,6,4.5
2025-03-12,REP001,52586.88,6,4.5
2025-03-12,REP002,40106.62,4,4.2
2025-03-12,REP003,67044.97,7,4.6
2025-03-13,REP001,52919.15,6,4.3
2025-03-13,REP002,45793.18,4,4.3
2025-03-13,REP003,53876.07,5,4.5
2025-03-14,REP001,48985.91,4,4.6
2025-03-14,REP002,33505.70,3,4.8
2025-03-14,REP003,64115.29,6,4.5
2025-03-17,REP001,51888.51,5,4.5
2025-03-17,REP002,40171.26,4,4.4
2025-03-17,REP003,59923.15,7,4.4
2025-03-18,REP001,51575.77,5,4.3
2025-03-18,REP002,36992.37,3,4.5
2025-03-18,REP003,68553.70,7,4.5
2025-03-19,REP001,50199.86,6,4.6
2025-03-19,REP002,38656.19,4,4.4
2025-03-19,REP003,64478.30,6,4.3
2025-03-20,REP001,49807.64,5,4.4
2025-03-20,REP002,38936.70,4,4.4
2025-03-20,REP003,67541.96,7,4.5
2025-03-21,REP001,52070.90,6,4.6
2025-03-21,REP002,42332.47,4,4.8
2025-03-21,REP003,61293.34,7,4.6
2025-03-24,REP001,51613.06,6,4.4
2025-03-24,REP002,35069.93,4,4.6
2025-03-24,REP003,63293.11,7,4.4
2025-03-25,REP001,57668.60,6,4.4
2025-03-25,REP002,43532.31,5,4.7
2025-03-25,REP003,55644.46,5,4.4
2025-03-26,REP001,53913.04,6,4.4
2025-03-26,REP002,39726.71,4,4.6
2025-03-26,REP003,68953.32,6,4.3
2025-03-27,REP001,52034.07,5,4.7
2025-03-27,REP002,39383.74,4,4.4
2025-03-27,REP003,74070.74,7,4.4
2025-03-28,REP001,59519.45,7,4.4
2025-03-28,REP002,39378.96,4,4.5
2025-03-28,REP003,63772.77,6,4.7
2025-03-31,REP001,49285.61,6,4.2
2025-03-31,REP002,36584.43,4,4.6
2025-03-31,REP003,69250.92,8,4.5
2025-04-01,REP001,45946.32,5,4.5
2025-04-01,REP002,42232.93,4,4.4
2025-04-01,REP003,66135.56,7,4.5
2025-04-02,REP001,55352.11,5,4.6
2025-04-02,REP002,40535.75,4,4.1
2025-04-02,REP003,67188.16,7,4.4
2025-04-03,REP001,47243.73,5,4.5
2025-04-03,REP002,41058.16,4,4.4
2025-04-03,REP003,60966.67,6,4.4
2025-04-04,REP001,56902.55,6,4.4
2025-04-04,REP002,41961.84,5,4.5
2025-04-04,REP003,62772.91,7,4.6
2025-04-07,REP001,52688.25,5,4.5
2025-04-07,REP002,38362.84,4,4.7
2025-04-07,REP003,60306.08,6,4.3
2025-04-08,REP001,53304.60,6,4.7
2025-04-08,REP002,42047.81,4,4.4
2025-04-08,REP003,69594.52,6,4.7
2025-04-09,REP001,45207.12,4,4.6
2025-04-09,REP002,43718.54,4,4.5
2025-04-09,REP003,61790.33,6,4.7
2025-04-10,REP001,47208.85,5,4.6
2025-04-10,REP002,42201.01,5,4.7
2025-04-10,REP003,65631.58,7,4.3
2025-04-11,REP001,50399.23,6,4.7
2025-04-11,REP002,41508.40,4,4.6
2025-04-11,REP003,61871.35,5,4.5
2025-04-14,REP001,49913.31,5,4.3
2025-04-14,REP002,40081.87,5,4.4
2025-04-14,REP003,71395.72,8,4.4
2025-04-15,REP001,57737.77,6,4.4
2025-04-15,REP002,39230.81,4,4.3
2025-04-15,REP003,72326.52,8,4.3
2025-04-16,REP001,45229.75,4,4.6
2025-04-16,REP002,39335.32,4,4.3
2025-04-16,REP003,71711.87,7,4.9
