date,sales_rep_id,customer_id,deal_value,pipeline_stage
2023-04-17,REP002,B2B0001,315495.39,Discovery
2023-04-17,REP003,B2B0002,190840.88,Negotiation
2023-04-18,REP001,B2B0003,123140.56,Discovery
2023-04-18,REP002,B2B0004,192704.28,Proposal
2023-04-18,REP001,B2B0005,206425.96,Closed Lost
2023-04-18,REP003,B2B0006,132781.63,Proposal
2023-04-19,REP001,B2B0007,153497.01,Closed Lost
2023-04-19,REP003,B2B0008,266348.61,Negotiation
2023-04-19,REP001,B2B0009,288274.52,Discovery
2023-04-19,REP003,B2B0010,150530.32,Closed Won
2023-04-19,REP001,B2B0011,115885.97,Closed Won
2023-04-20,REP002,B2B0012,310044.67,Proposal
2023-04-20,REP002,B2B0013,53863.78,Proposal
2023-04-20,REP003,B2B0014,122097.45,Negotiation
2023-04-20,REP003,B2B0015,201988.78,Closed Won
2023-04-21,REP001,B2B0016,77036.23,Closed Won
2023-04-21,REP002,B2B0017,76745.87,Negotiation
2023-04-24,REP002,B2B0018,80614.93,Negotiation
2023-04-24,REP003,B2B0019,238882.12,Discovery
2023-04-24,REP002,B2B0020,325737.48,Closed Lost
2023-04-24,REP001,B2B0021,243662.03,Negotiation
2023-04-25,REP002,B2B0022,115961.96,Proposal
2023-04-25,REP002,B2B0023,222655.96,Proposal
2023-04-26,REP001,B2B0024,162989.59,Closed Won
2023-04-26,REP002,B2B0025,165341.90,Closed Lost
2023-04-26,REP003,B2B0026,114442.24,Closed Won
2023-04-27,REP003,B2B0027,142400.87,Negotiation
2023-04-27,REP002,B2B0028,153533.38,Proposal
2023-04-27,REP002,B2B0029,239582.00,Discovery
2023-04-27,REP003,B2B0030,109508.80,Proposal
2023-04-27,REP003,B2B0031,174738.63,Discovery
2023-04-28,REP003,B2B0032,150715.49,Negotiation
2023-04-28,REP003,B2B0033,225247.90,Closed Lost
2023-04-28,REP001,B2B0034,182389.41,Closed Lost
2023-04-28,REP002,B2B0035,193674.72,Closed Won
2023-04-28,REP001,B2B0036,342177.84,Closed Lost
2023-05-01,REP002,B2B0037,211140.74,Proposal
2023-05-01,REP001,B2B0038,282559.31,Closed Lost
2023-05-02,REP003,B2B0039,68390.07,Closed Lost
2023-05-02,REP002,B2B0040,180296.15,Closed Won
2023-05-02,REP001,B2B0041,233790.09,Negotiation
2023-05-02,REP003,B2B0042,249851.21,Closed Lost
2023-05-03,REP001,B2B0043,292279.50,Closed Lost
2023-05-03,REP002,B2B0044,311865.27,Negotiation
2023-05-03,REP003,B2B0045,90740.46,Discovery
2023-05-03,REP003,B2B0046,71877.65,Proposal
2023-05-03,REP001,B2B0047,345668.97,Proposal
2023-05-04,REP001,B2B0048,232288.62,Discovery
2023-05-04,REP001,B2B0049,328343.81,Closed Lost
2023-05-04,REP003,B2B0050,306366.73,Closed Won
2023-05-05,REP002,B2B0051,116206.92,Negotiation
2023-05-05,REP002,B2B0052,101728.85,Discovery
2023-05-05,REP001,B2B0053,135790.85,Proposal
2023-05-08,REP002,B2B0054,324425.31,Discovery
2023-05-08,REP003,B2B0055,124517.30,Closed Lost
2023-05-08,REP001,B2B0056,368100.35,Proposal
2023-05-09,REP003,B2B0057,63425.04,Negotiation
2023-05-09,REP002,B2B0058,151678.87,Negotiation
2023-05-10,REP001,B2B0059,100791.47,Closed Lost
2023-05-10,REP002,B2B0060,112549.90,Proposal
2023-05-11,REP003,B2B0061,118155.44,Closed Won
2023-05-11,REP003,B2B0062,308572.25,Closed Won
2023-05-11,REP001,B2B0063,214933.60,Closed Lost
2023-05-11,REP001,B2B0064,285112.72,Negotiation
2023-05-12,REP003,B2B0065,223287.72,Discovery
2023-05-12,REP002,B2B0066,122226.68,Negotiation
2023-05-12,REP002,B2B0067,361255.64,Closed Lost
2023-05-15,REP002,B2B0068,330543.08,Proposal
2023-05-15,REP002,B2B0069,97432.13,Closed Won
2023-05-15,REP001,B2B0070,300031.09,Closed Won
2023-05-15,REP003,B2B0071,268366.52,Closed Lost
2023-05-15,REP001,B2B0072,339583.56,Closed Lost
2023-05-16,REP003,B2B0073,264555.51,Negotiation
2023-05-16,REP002,B2B0074,99232.68,Closed Won
2023-05-16,REP002,B2B0075,173576.33,Discovery
2023-05-16,REP002,B2B0076,71508.46,Closed Lost
2023-05-16,REP002,B2B0077,158644.44,Negotiation
2023-05-17,REP003,B2B0078,308053.87,Closed Lost
2023-05-17,REP003,B2B0079,335162.20,Closed Lost
2023-05-18,REP003,B2B0080,154547.53,Negotiation
2023-05-18,REP002,B2B0081,115291.47,Closed Lost
2023-05-18,REP001,B2B0082,291230.04,Closed Lost
2023-05-19,REP003,B2B0083,154887.19,Discovery
2023-05-19,REP001,B2B0084,103319.02,Negotiation
2023-05-19,REP001,B2B0085,255411.66,Closed Won
2023-05-22,REP003,B2B0086,297155.15,Proposal
2023-05-22,REP003,B2B0087,95814.36,Negotiation
2023-05-22,REP001,B2B0088,295411.73,Negotiation
2023-05-23,REP002,B2B0089,257730.60,Negotiation
2023-05-23,REP002,B2B0090,75802.94,Negotiation
2023-05-23,REP002,B2B0091,275111.35,Negotiation
2023-05-24,REP003,B2B0092,274393.89,Closed Won
2023-05-24,REP002,B2B0093,194071.64,Proposal
2023-05-24,REP002,B2B0094,152664.28,Discovery
2023-05-25,REP001,B2B0095,260077.97,Proposal
2023-05-25,REP001,B2B0096,284145.95,Closed Won
2023-05-25,REP001,B2B0097,128266.18,Negotiation
2023-05-25,REP001,B2B0098,339987.46,Closed Won
2023-05-25,REP002,B2B0099,247838.98,Negotiation
2023-05-26,REP001,B2B0100,248147.01,Proposal
2023-05-26,REP001,B2B0101,250023.60,Closed Won
2023-05-26,REP001,B2B0102,107114.45,Discovery
2023-05-26,REP001,B2B0103,127972.34,Closed Won
2023-05-29,REP001,B2B0104,295621.48,Closed Lost
2023-05-29,REP002,B2B0105,180730.13,Proposal
2023-05-29,REP002,B2B0106,284506.94,Proposal
2023-05-30,REP003,B2B0107,163632.95,Closed Lost
2023-05-30,REP001,B2B0108,307612.08,Proposal
2023-05-30,REP002,B2B0109,233399.44,Discovery
2023-05-31,REP002,B2B0110,105625.08,Proposal
2023-05-31,REP003,B2B0111,122343.17,Closed Won
2023-05-31,REP001,B2B0112,341235.76,Closed Lost
2023-05-31,REP002,B2B0113,234186.90,Proposal
2023-05-31,REP003,B2B0114,392436.74,Closed Won
2023-06-01,REP003,B2B0115,290075.95,Negotiation
2023-06-01,REP002,B2B0116,79351.46,Discovery
2023-06-02,REP001,B2B0117,213741.27,Closed Won
2023-06-02,REP003,B2B0118,98407.03,Closed Lost
2023-06-02,REP003,B2B0119,92307.14,Closed Won
2023-06-02,REP003,B2B0120,249425.26,Closed Won
2023-06-02,REP003,B2B0121,147114.99,Closed Won
2023-06-05,REP002,B2B0122,335923.51,Proposal
2023-06-05,REP002,B2B0123,207447.54,Negotiation
2023-06-05,REP001,B2B0124,100987.92,Closed Won
2023-06-05,REP002,B2B0125,315450.70,Negotiation
2023-06-06,REP002,B2B0126,322518.44,Closed Lost
2023-06-06,REP001,B2B0127,386456.61,Proposal
2023-06-07,REP001,B2B0128,320929.94,Closed Won
2023-06-07,REP002,B2B0129,364483.62,Closed Won
2023-06-07,REP002,B2B0130,159808.76,Closed Lost
2023-06-07,REP001,B2B0131,130416.69,Proposal
2023-06-08,REP003,B2B0132,227567.22,Closed Lost
2023-06-08,REP002,B2B0133,153902.21,Negotiation
2023-06-08,REP001,B2B0134,162129.63,Closed Won
2023-06-09,REP003,B2B0135,189946.41,Proposal
2023-06-09,REP001,B2B0136,178921.77,Closed Lost
2023-06-09,REP002,B2B0137,106900.59,Closed Won
2023-06-09,REP001,B2B0138,247214.11,Negotiation
2023-06-12,REP003,B2B0139,198368.10,Proposal
2023-06-12,REP001,B2B0140,156428.27,Proposal
2023-06-12,REP002,B2B0141,162661.15,Closed Lost
2023-06-13,REP003,B2B0142,92157.82,Discovery
2023-06-13,REP002,B2B0143,323708.74,Negotiation
2023-06-14,REP001,B2B0144,307935.72,Discovery
2023-06-14,REP002,B2B0145,247018.65,Negotiation
2023-06-14,REP003,B2B0146,313892.34,Proposal
2023-06-14,REP002,B2B0147,157584.24,Closed Lost
2023-06-15,REP001,B2B0148,125768.80,Closed Won
2023-06-15,REP001,B2B0149,261271.41,Closed Won
2023-06-15,REP003,B2B0150,338335.65,Discovery
2023-06-16,REP002,B2B0151,75972.39,Discovery
2023-06-16,REP001,B2B0152,300275.66,Discovery
2023-06-16,REP003,B2B0153,276078.11,Negotiation
2023-06-19,REP003,B2B0154,232897.37,Closed Won
2023-06-19,REP003,B2B0155,236228.85,Negotiation
2023-06-19,REP001,B2B0156,346232.67,Negotiation
2023-06-19,REP003,B2B0157,185265.91,Proposal
2023-06-19,REP001,B2B0158,376852.51,Negotiation
2023-06-20,REP003,B2B0159,268665.92,Discovery
2023-06-20,REP002,B2B0160,247212.42,Closed Lost
2023-06-20,REP002,B2B0161,360245.85,Negotiation
2023-06-20,REP002,B2B0162,117936.42,Discovery
2023-06-21,REP002,B2B0163,372027.67,Discovery
2023-06-21,REP003,B2B0164,130393.67,Closed Won
2023-06-21,REP002,B2B0165,79890.90,Closed Won
2023-06-21,REP003,B2B0166,82424.54,Closed Lost
2023-06-21,REP001,B2B0167,282707.31,Discovery
2023-06-22,REP002,B2B0168,112857.07,Negotiation
2023-06-22,REP003,B2B0169,179086.17,Negotiation
2023-06-22,REP003,B2B0170,328931.19,Negotiation
2023-06-22,REP001,B2B0171,322036.59,Negotiation
2023-06-23,REP002,B2B0172,159178.94,Discovery
2023-06-23,REP003,B2B0173,356806.44,Closed Lost
2023-06-23,REP001,B2B0174,74954.04,Proposal
2023-06-26,REP001,B2B0175,193549.94,Proposal
2023-06-26,REP003,B2B0176,316409.17,Discovery
2023-06-27,REP003,B2B0177,259664.55,Closed Lost
2023-06-27,REP001,B2B0178,96687.43,Closed Won
2023-06-28,REP003,B2B0179,82849.42,Discovery
2023-06-28,REP001,B2B0180,289200.58,Discovery
2023-06-28,REP001,B2B0181,101010.80,Discovery
2023-06-28,REP001,B2B0182,190010.38,Discovery
2023-06-29,REP002,B2B0183,240325.19,Proposal
2023-06-29,REP002,B2B0184,304602.47,Proposal
2023-06-29,REP002,B2B0185,136021.95,Closed Lost
2023-06-29,REP001,B2B0186,190675.87,Proposal
2023-06-29,REP002,B2B0187,105385.08,Closed Lost
2023-06-30,REP003,B2B0188,99821.74,Negotiation
2023-06-30,REP001,B2B0189,105392.47,Closed Lost
2023-06-30,REP002,B2B0190,229583.13,Closed Won
2023-07-03,REP002,B2B0191,286112.11,Closed Lost
2023-07-03,REP001,B2B0192,278140.19,Proposal
2023-07-03,REP001,B2B0193,79252.02,Closed Won
2023-07-03,REP002,B2B0194,381197.74,Closed Won
2023-07-04,REP003,B2B0195,310713.70,Closed Won
2023-07-04,REP001,B2B0196,349176.82,Negotiation
2023-07-05,REP003,B2B0197,132740.64,Negotiation
2023-07-05,REP002,B2B0198,176088.36,Negotiation
2023-07-06,REP002,B2B0199,211908.18,Proposal
2023-07-06,REP001,B2B0200,258910.95,Closed Won
2023-07-06,REP002,B2B0201,163907.59,Closed Won
2023-07-06,REP002,B2B0202,312446.26,Closed Won
2023-07-06,REP002,B2B0203,355916.60,Proposal
2023-07-07,REP002,B2B0204,344124.60,Discovery
2023-07-07,REP002,B2B0205,285144.40,Proposal
2023-07-07,REP001,B2B0206,246418.73,Closed Won
2023-07-07,REP002,B2B0207,110735.15,Negotiation
2023-07-10,REP001,B2B0208,231096.42,Closed Lost
2023-07-10,REP002,B2B0209,147669.04,Closed Won
2023-07-10,REP003,B2B0210,231335.54,Proposal
2023-07-11,REP003,B2B0211,85831.79,Discovery
2023-07-11,REP001,B2B0212,341569.00,Proposal
2023-07-11,REP001,B2B0213,195992.00,Closed Won
2023-07-11,REP001,B2B0214,201526.29,Proposal
2023-07-11,REP002,B2B0215,255228.32,Closed Lost
2023-07-12,REP003,B2B0216,102786.63,Negotiation
2023-07-12,REP003,B2B0217,340686.70,Negotiation
2023-07-12,REP003,B2B0218,386811.68,Closed Won
2023-07-12,REP001,B2B0219,129346.14,Negotiation
2023-07-12,REP003,B2B0220,138866.99,Closed Won
2023-07-13,REP003,B2B0221,156584.11,Negotiation
2023-07-13,REP003,B2B0222,126412.17,Closed Lost
2023-07-13,REP001,B2B0223,291459.26,Closed Lost
2023-07-13,REP001,B2B0224,309416.25,Discovery
2023-07-14,REP003,B2B0225,364330.21,Closed Won
2023-07-14,REP001,B2B0226,272018.40,Closed Lost
2023-07-14,REP003,B2B0227,148721.18,Closed Won
2023-07-14,REP002,B2B0228,303092.70,Proposal
2023-07-17,REP001,B2B0229,191836.17,Proposal
2023-07-17,REP003,B2B0230,57387.63,Closed Lost
2023-07-17,REP001,B2B0231,326097.24,Negotiation
2023-07-17,REP002,B2B0232,331454.61,Proposal
2023-07-18,REP002,B2B0233,265943.03,Proposal
2023-07-18,REP003,B2B0234,294580.07,Closed Won
2023-07-19,REP002,B2B0235,159905.39,Proposal
2023-07-19,REP002,B2B0236,62858.05,Discovery
2023-07-20,REP002,B2B0237,262217.95,Proposal
2023-07-20,REP002,B2B0238,224400.44,Negotiation
2023-07-20,REP001,B2B0239,331798.36,Closed Won
2023-07-20,REP002,B2B0240,114248.27,Closed Lost
2023-07-21,REP002,B2B0241,335547.31,Discovery
2023-07-21,REP001,B2B0242,299237.22,Negotiation
2023-07-21,REP003,B2B0243,169726.08,Discovery
2023-07-24,REP003,B2B0244,166045.69,Discovery
2023-07-24,REP003,B2B0245,160749.45,Closed Lost
2023-07-24,REP003,B2B0246,62706.91,Proposal
2023-07-24,REP002,B2B0247,78885.78,Discovery
2023-07-24,REP001,B2B0248,85492.71,Proposal
2023-07-25,REP002,B2B0249,343553.42,Negotiation
2023-07-25,REP001,B2B0250,184817.12,Closed Lost
2023-07-26,REP003,B2B0251,167657.15,Closed Won
2023-07-26,REP003,B2B0252,114093.22,Closed Won
2023-07-27,REP001,B2B0253,249908.19,Negotiation
2023-07-27,REP001,B2B0254,123486.87,Discovery
2023-07-27,REP003,B2B0255,287347.72,Proposal
2023-07-28,REP001,B2B0256,73523.89,Proposal
2023-07-28,REP003,B2B0257,124265.65,Closed Won
2023-07-28,REP003,B2B0258,298142.61,Closed Won
2023-07-28,REP001,B2B0259,265640.26,Closed Won
2023-07-28,REP003,B2B0260,81033.53,Proposal
2023-07-31,REP001,B2B0261,167813.02,Discovery
2023-07-31,REP003,B2B0262,272690.75,Closed Won
2023-07-31,REP001,B2B0263,104379.74,Discovery
2023-07-31,REP003,B2B0264,276446.63,Closed Lost
2023-07-31,REP002,B2B0265,118851.30,Proposal
2023-08-01,REP002,B2B0266,126079.32,Negotiation
2023-08-01,REP002,B2B0267,64898.21,Closed Lost
2023-08-01,REP003,B2B0268,262148.67,Discovery
2023-08-01,REP001,B2B0269,165531.57,Discovery
2023-08-02,REP001,B2B0270,284283.72,Proposal
2023-08-02,REP003,B2B0271,282070.32,Negotiation
2023-08-02,REP002,B2B0272,70049.26,Negotiation
2023-08-03,REP003,B2B0273,61455.70,Discovery
2023-08-03,REP001,B2B0274,317603.57,Closed Won
2023-08-03,REP003,B2B0275,150055.19,Closed Won
2023-08-04,REP002,B2B0276,177244.96,Proposal
2023-08-04,REP001,B2B0277,221811.68,Discovery
2023-08-04,REP001,B2B0278,274363.28,Discovery
2023-08-07,REP002,B2B0279,144338.89,Closed Lost
2023-08-07,REP001,B2B0280,80626.60,Closed Won
2023-08-07,REP003,B2B0281,346771.87,Discovery
2023-08-07,REP002,B2B0282,208744.78,Discovery
2023-08-08,REP001,B2B0283,139314.33,Proposal
2023-08-08,REP001,B2B0284,328763.07,Discovery
2023-08-08,REP002,B2B0285,96360.37,Discovery
2023-08-08,REP001,B2B0286,226541.00,Closed Lost
2023-08-09,REP002,B2B0287,68768.12,Closed Lost
2023-08-09,REP002,B2B0288,75901.83,Closed Won
2023-08-09,REP003,B2B0289,160669.39,Discovery
2023-08-09,REP002,B2B0290,176696.46,Discovery
2023-08-10,REP003,B2B0291,78188.20,Negotiation
2023-08-10,REP003,B2B0292,120084.76,Discovery
2023-08-11,REP001,B2B0293,130130.77,Closed Won
2023-08-11,REP001,B2B0294,387874.47,Closed Won
2023-08-11,REP003,B2B0295,348192.40,Closed Won
2023-08-11,REP001,B2B0296,267749.80,Discovery
2023-08-14,REP002,B2B0297,276764.83,Closed Lost
2023-08-14,REP001,B2B0298,186019.98,Closed Lost
2023-08-14,REP001,B2B0299,139753.75,Negotiation
2023-08-14,REP002,B2B0300,100513.54,Negotiation
2023-08-15,REP001,B2B0301,311685.39,Closed Won
2023-08-15,REP003,B2B0302,203446.51,Closed Lost
2023-08-15,REP002,B2B0303,337923.18,Negotiation
2023-08-15,REP002,B2B0304,221027.49,Proposal
2023-08-16,REP002,B2B0305,211863.52,Proposal
2023-08-16,REP003,B2B0306,142289.89,Closed Lost
2023-08-17,REP001,B2B0307,265658.69,Closed Won
2023-08-17,REP001,B2B0308,353811.36,Closed Lost
2023-08-17,REP001,B2B0309,171169.29,Closed Lost
2023-08-18,REP002,B2B0310,319438.92,Proposal
2023-08-18,REP003,B2B0311,251399.84,Negotiation
2023-08-21,REP001,B2B0312,157548.70,Closed Won
2023-08-21,REP003,B2B0313,228473.75,Closed Won
2023-08-21,REP001,B2B0314,223220.76,Discovery
2023-08-21,REP001,B2B0315,209422.72,Closed Won
2023-08-21,REP001,B2B0316,310403.63,Discovery
2023-08-22,REP002,B2B0317,95313.59,Discovery
2023-08-22,REP003,B2B0318,331205.46,Proposal
2023-08-23,REP001,B2B0319,69621.37,Discovery
2023-08-23,REP002,B2B0320,97288.27,Discovery
2023-08-24,REP002,B2B0321,212168.38,Discovery
2023-08-24,REP002,B2B0322,324482.35,Closed Lost
2023-08-25,REP002,B2B0323,165495.14,Proposal
2023-08-25,REP002,B2B0324,163766.73,Closed Lost
2023-08-25,REP003,B2B0325,65169.34,Closed Won
2023-08-25,REP001,B2B0326,191260.05,Closed Won
2023-08-28,REP003,B2B0327,289052.84,Closed Won
2023-08-28,REP003,B2B0328,257597.06,Closed Won
2023-08-28,REP001,B2B0329,139788.49,Closed Won
2023-08-28,REP001,B2B0330,183972.63,Discovery
2023-08-28,REP002,B2B0331,162239.43,Negotiation
2023-08-29,REP003,B2B0332,358695.22,Closed Won
2023-08-29,REP001,B2B0333,233155.92,Discovery
2023-08-29,REP001,B2B0334,221578.86,Discovery
2023-08-30,REP001,B2B0335,182856.95,Closed Won
2023-08-30,REP002,B2B0336,213335.57,Discovery
2023-08-30,REP002,B2B0337,249831.86,Closed Lost
2023-08-30,REP002,B2B0338,87666.76,Discovery
2023-08-30,REP002,B2B0339,237017.69,Closed Won
2023-08-31,REP003,B2B0340,102609.98,Closed Won
2023-08-31,REP001,B2B0341,54776.45,Proposal
2023-09-01,REP001,B2B0342,144719.86,Closed Lost
2023-09-01,REP002,B2B0343,141134.42,Closed Won
2023-09-01,REP003,B2B0344,334052.00,Proposal
2023-09-01,REP003,B2B0345,341603.30,Closed Lost
2023-09-01,REP003,B2B0346,52643.53,Closed Won
2023-09-04,REP003,B2B0347,202119.89,Negotiation
2023-09-04,REP003,B2B0348,202188.57,Closed Won
2023-09-05,REP001,B2B0349,74277.90,Negotiation
2023-09-05,REP003,B2B0350,128962.63,Proposal
2023-09-05,REP001,B2B0351,69362.22,Discovery
2023-09-05,REP003,B2B0352,111790.43,Closed Lost
2023-09-05,REP002,B2B0353,235977.13,Closed Won
2023-09-06,REP003,B2B0354,95915.16,Proposal
2023-09-06,REP001,B2B0355,101708.65,Proposal
2023-09-07,REP001,B2B0356,155283.64,Closed Lost
2023-09-07,REP003,B2B0357,128209.98,Closed Lost
2023-09-07,REP001,B2B0358,142802.72,Proposal
2023-09-07,REP002,B2B0359,255437.07,Proposal
2023-09-07,REP003,B2B0360,178223.58,Closed Won
2023-09-08,REP001,B2B0361,239512.26,Closed Lost
2023-09-08,REP001,B2B0362,320494.63,Discovery
2023-09-11,REP001,B2B0363,235600.52,Closed Won
2023-09-11,REP003,B2B0364,154745.41,Discovery
2023-09-11,REP002,B2B0365,70868.11,Negotiation
2023-09-12,REP001,B2B0366,105283.36,Closed Won
2023-09-12,REP003,B2B0367,256816.66,Proposal
2023-09-12,REP003,B2B0368,233869.75,Closed Lost
2023-09-12,REP002,B2B0369,236569.71,Proposal
2023-09-12,REP001,B2B0370,209043.92,Closed Won
2023-09-13,REP002,B2B0371,83318.37,Discovery
2023-09-13,REP003,B2B0372,319654.36,Negotiation
2023-09-14,REP002,B2B0373,143571.53,Negotiation
2023-09-14,REP002,B2B0374,234168.39,Closed Won
2023-09-14,REP003,B2B0375,162150.69,Closed Lost
2023-09-14,REP003,B2B0376,194794.17,Closed Lost
2023-09-15,REP002,B2B0377,128187.46,Closed Won
2023-09-15,REP002,B2B0378,192531.79,Negotiation
2023-09-15,REP002,B2B0379,283140.52,Closed Lost
2023-09-18,REP002,B2B0380,291719.73,Proposal
2023-09-18,REP002,B2B0381,332617.99,Proposal
2023-09-18,REP002,B2B0382,179829.34,Closed Won
2023-09-19,REP003,B2B0383,301827.85,Proposal
2023-09-19,REP003,B2B0384,127379.22,Closed Lost
2023-09-19,REP003,B2B0385,127463.72,Closed Won
2023-09-20,REP001,B2B0386,269134.89,Proposal
2023-09-20,REP003,B2B0387,238224.48,Negotiation
2023-09-20,REP001,B2B0388,298506.34,Closed Won
2023-09-21,REP003,B2B0389,114091.29,Closed Lost
2023-09-21,REP002,B2B0390,210611.61,Negotiation
2023-09-21,REP001,B2B0391,340693.22,Closed Lost
2023-09-21,REP002,B2B0392,58287.88,Closed Won
2023-09-21,REP002,B2B0393,361978.82,Closed Lost
2023-09-22,REP003,B2B0394,204685.30,Closed Won
2023-09-22,REP003,B2B0395,321242.18,Closed Lost
2023-09-22,REP001,B2B0396,172211.27,Proposal
2023-09-22,REP001,B2B0397,152904.70,Discovery
2023-09-25,REP001,B2B0398,116019.80,Discovery
2023-09-25,REP003,B2B0399,226977.08,Proposal
2023-09-26,REP003,B2B0400,217548.74,Closed Lost
2023-09-26,REP003,B2B0401,125283.44,Closed Won
2023-09-27,REP001,B2B0402,95527.14,Closed Lost
2023-09-27,REP002,B2B0403,244682.38,Proposal
2023-09-27,REP001,B2B0404,190859.39,Closed Won
2023-09-28,REP003,B2B0405,225085.32,Proposal
2023-09-28,REP001,B2B0406,160970.89,Closed Won
2023-09-28,REP001,B2B0407,63642.16,Closed Won
2023-09-29,REP001,B2B0408,175892.93,Proposal
2023-09-29,REP002,B2B0409,83676.21,Proposal
2023-09-29,REP003,B2B0410,116555.80,Closed Won
2023-10-02,REP001,B2B0411,103914.68,Discovery
2023-10-02,REP002,B2B0412,199210.21,Closed Won
2023-10-02,REP003,B2B0413,257784.21,Discovery
2023-10-02,REP003,B2B0414,257744.09,Closed Won
2023-10-02,REP003,B2B0415,158669.40,Discovery
2023-10-03,REP003,B2B0416,223410.91,Negotiation
2023-10-03,REP001,B2B0417,204996.25,Closed Lost
2023-10-03,REP003,B2B0418,237085.60,Proposal
2023-10-03,REP002,B2B0419,153862.54,Negotiation
2023-10-03,REP001,B2B0420,252113.23,Closed Won
2023-10-04,REP003,B2B0421,273209.66,Proposal
2023-10-04,REP003,B2B0422,190598.99,Closed Won
2023-10-05,REP002,B2B0423,155545.02,Closed Won
2023-10-05,REP002,B2B0424,243597.38,Negotiation
2023-10-05,REP002,B2B0425,106551.09,Negotiation
2023-10-05,REP002,B2B0426,188955.86,Closed Lost
2023-10-06,REP001,B2B0427,349597.10,Negotiation
2023-10-06,REP001,B2B0428,288902.36,Discovery
2023-10-06,REP003,B2B0429,253860.92,Discovery
2023-10-09,REP001,B2B0430,182138.63,Proposal
2023-10-09,REP002,B2B0431,127185.20,Proposal
2023-10-09,REP001,B2B0432,156172.87,Discovery
2023-10-09,REP003,B2B0433,65468.63,Proposal
2023-10-10,REP003,B2B0434,159156.03,Discovery
2023-10-10,REP001,B2B0435,207013.87,Discovery
2023-10-10,REP001,B2B0436,238997.89,Closed Lost
2023-10-10,REP001,B2B0437,288124.96,Closed Lost
2023-10-11,REP003,B2B0438,88845.25,Discovery
2023-10-11,REP002,B2B0439,260486.96,Negotiation
2023-10-11,REP003,B2B0440,199750.70,Closed Won
2023-10-11,REP001,B2B0441,91707.03,Closed Won
2023-10-12,REP001,B2B0442,102068.48,Negotiation
2023-10-12,REP002,B2B0443,104476.91,Proposal
2023-10-12,REP003,B2B0444,77434.97,Discovery
2023-10-13,REP002,B2B0445,95577.44,Negotiation
2023-10-13,REP002,B2B0446,150877.83,Closed Lost
2023-10-16,REP003,B2B0447,166254.49,Closed Lost
2023-10-16,REP002,B2B0448,201839.55,Closed Won
2023-10-16,REP002,B2B0449,162389.76,Closed Won
2023-10-16,REP001,B2B0450,141730.76,Proposal
2023-10-16,REP001,B2B0451,197418.45,Negotiation
2023-10-17,REP001,B2B0452,181308.80,Negotiation
2023-10-17,REP001,B2B0453,133157.47,Proposal
2023-10-17,REP001,B2B0454,104983.23,Closed Won
2023-10-17,REP003,B2B0455,203015.49,Proposal
2023-10-18,REP002,B2B0456,117025.06,Closed Won
2023-10-18,REP002,B2B0457,169821.26,Closed Won
2023-10-18,REP003,B2B0458,176974.45,Closed Won
2023-10-18,REP001,B2B0459,100939.56,Proposal
2023-10-19,REP002,B2B0460,121936.40,Closed Won
2023-10-19,REP001,B2B0461,230679.74,Negotiation
2023-10-20,REP001,B2B0462,298809.53,Negotiation
2023-10-20,REP002,B2B0463,87799.97,Closed Lost
2023-10-20,REP001,B2B0464,58533.19,Closed Lost
2023-10-20,REP002,B2B0465,69824.44,Closed Lost
2023-10-20,REP001,B2B0466,187155.83,Negotiation
2023-10-23,REP002,B2B0467,215275.44,Negotiation
2023-10-23,REP002,B2B0468,57581.26,Closed Won
2023-10-23,REP002,B2B0469,152568.32,Closed Lost
2023-10-23,REP001,B2B0470,175470.69,Closed Lost
2023-10-23,REP001,B2B0471,275559.15,Proposal
2023-10-24,REP002,B2B0472,175920.15,Negotiation
2023-10-24,REP001,B2B0473,87739.48,Proposal
2023-10-24,REP001,B2B0474,195052.23,Discovery
2023-10-24,REP002,B2B0475,54942.79,Proposal
2023-10-24,REP001,B2B0476,159018.30,Proposal
2023-10-25,REP003,B2B0477,217436.05,Proposal
2023-10-25,REP001,B2B0478,291312.80,Closed Won
2023-10-25,REP001,B2B0479,103484.31,Proposal
2023-10-25,REP003,B2B0480,183995.73,Negotiation
2023-10-25,REP003,B2B0481,236036.13,Negotiation
2023-10-26,REP002,B2B0482,146885.17,Negotiation
2023-10-26,REP003,B2B0483,194141.48,Closed Lost
2023-10-26,REP001,B2B0484,223418.08,Negotiation
2023-10-26,REP003,B2B0485,207130.90,Proposal
2023-10-26,REP001,B2B0486,225498.93,Closed Lost
2023-10-27,REP002,B2B0487,290689.80,Closed Won
2023-10-27,REP001,B2B0488,258433.35,Discovery
2023-10-27,REP001,B2B0489,216846.86,Proposal
2023-10-27,REP001,B2B0490,163648.37,Closed Lost
2023-10-30,REP002,B2B0491,233235.13,Closed Won
2023-10-30,REP003,B2B0492,133388.06,Closed Won
2023-10-30,REP003,B2B0493,65347.40,Negotiation
2023-10-30,REP001,B2B0494,155000.37,Closed Won
2023-10-31,REP002,B2B0495,255145.08,Discovery
2023-10-31,REP002,B2B0496,112688.27,Closed Won
2023-11-01,REP002,B2B0497,136718.83,Proposal
2023-11-01,REP002,B2B0498,108420.98,Closed Lost
2023-11-01,REP002,B2B0499,171143.83,Discovery
2023-11-02,REP001,B2B0500,66442.15,Closed Won
2023-11-02,REP002,B2B0501,243731.91,Proposal
2023-11-03,REP001,B2B0502,172008.92,Negotiation
2023-11-03,REP003,B2B0503,212721.74,Negotiation
2023-11-06,REP001,B2B0504,84086.48,Closed Lost
2023-11-06,REP001,B2B0505,291244.63,Closed Lost
2023-11-07,REP001,B2B0506,268324.01,Closed Won
2023-11-07,REP001,B2B0507,96208.47,Negotiation
2023-11-08,REP003,B2B0508,128289.01,Negotiation
2023-11-08,REP001,B2B0509,208363.08,Closed Lost
2023-11-09,REP002,B2B0510,186011.62,Negotiation
2023-11-09,REP003,B2B0511,82397.95,Closed Won
2023-11-10,REP002,B2B0512,253318.91,Closed Won
2023-11-10,REP002,B2B0513,268575.38,Proposal
2023-11-10,REP002,B2B0514,207384.75,Proposal
2023-11-10,REP001,B2B0515,72528.67,Closed Lost
2023-11-10,REP001,B2B0516,85376.67,Discovery
2023-11-13,REP002,B2B0517,205206.55,Closed Lost
2023-11-13,REP001,B2B0518,201695.07,Closed Lost
2023-11-13,REP003,B2B0519,186172.54,Proposal
2023-11-13,REP002,B2B0520,184025.65,Negotiation
2023-11-14,REP001,B2B0521,57764.88,Negotiation
2023-11-14,REP002,B2B0522,75096.78,Closed Won
2023-11-15,REP002,B2B0523,76921.08,Negotiation
2023-11-15,REP003,B2B0524,246536.28,Closed Lost
2023-11-15,REP003,B2B0525,92420.72,Proposal
2023-11-15,REP002,B2B0526,96156.94,Proposal
2023-11-16,REP001,B2B0527,103965.44,Closed Lost
2023-11-16,REP002,B2B0528,304869.24,Closed Won
2023-11-17,REP001,B2B0529,172797.52,Negotiation
2023-11-17,REP003,B2B0530,148111.57,Closed Lost
2023-11-20,REP001,B2B0531,79732.07,Closed Lost
2023-11-20,REP002,B2B0532,211859.93,Closed Lost
2023-11-20,REP003,B2B0533,70571.73,Discovery
2023-11-21,REP003,B2B0534,163943.01,Closed Won
2023-11-21,REP001,B2B0535,150415.44,Discovery
2023-11-21,REP002,B2B0536,187244.85,Closed Won
2023-11-21,REP002,B2B0537,252317.34,Closed Lost
2023-11-21,REP003,B2B0538,92707.31,Closed Won
2023-11-22,REP002,B2B0539,282477.12,Discovery
2023-11-22,REP001,B2B0540,179022.07,Discovery
2023-11-22,REP003,B2B0541,92764.45,Proposal
2023-11-22,REP002,B2B0542,103579.08,Discovery
2023-11-23,REP003,B2B0543,231243.48,Closed Lost
2023-11-23,REP002,B2B0544,55248.69,Negotiation
2023-11-23,REP003,B2B0545,170924.04,Closed Won
2023-11-23,REP003,B2B0546,89692.27,Discovery
2023-11-24,REP002,B2B0547,159833.55,Negotiation
2023-11-24,REP001,B2B0548,178260.11,Discovery
2023-11-24,REP002,B2B0549,223339.98,Closed Won
2023-11-27,REP001,B2B0550,74800.62,Negotiation
2023-11-27,REP003,B2B0551,94847.89,Proposal
2023-11-28,REP001,B2B0552,185075.83,Negotiation
2023-11-28,REP002,B2B0553,310426.33,Closed Lost
2023-11-28,REP003,B2B0554,74430.79,Discovery
2023-11-28,REP001,B2B0555,58815.88,Negotiation
2023-11-28,REP001,B2B0556,67209.48,Closed Lost
2023-11-29,REP003,B2B0557,74156.04,Closed Lost
2023-11-29,REP002,B2B0558,216409.38,Proposal
2023-11-29,REP002,B2B0559,236573.93,Closed Lost
2023-11-29,REP002,B2B0560,236769.92,Discovery
2023-11-29,REP001,B2B0561,75328.63,Negotiation
2023-11-30,REP003,B2B0562,201364.97,Negotiation
2023-11-30,REP001,B2B0563,118845.53,Closed Won
2023-11-30,REP002,B2B0564,54839.16,Proposal
2023-12-01,REP001,B2B0565,207288.87,Closed Won
2023-12-01,REP003,B2B0566,310804.10,Proposal
2023-12-01,REP003,B2B0567,326727.00,Closed Won
2023-12-04,REP002,B2B0568,114429.19,Discovery
2023-12-04,REP002,B2B0569,114457.92,Closed Lost
2023-12-04,REP002,B2B0570,52809.64,Negotiation
2023-12-04,REP002,B2B0571,223020.65,Discovery
2023-12-04,REP002,B2B0572,315355.86,Closed Lost
2023-12-05,REP003,B2B0573,94013.40,Closed Won
2023-12-05,REP003,B2B0574,301429.73,Closed Lost
2023-12-06,REP003,B2B0575,120361.51,Negotiation
2023-12-06,REP003,B2B0576,247365.21,Discovery
2023-12-07,REP003,B2B0577,352557.13,Proposal
2023-12-07,REP003,B2B0578,112170.60,Negotiation
2023-12-07,REP002,B2B0579,313203.99,Closed Lost
2023-12-07,REP002,B2B0580,68137.11,Discovery
2023-12-08,REP002,B2B0581,145060.72,Discovery
2023-12-08,REP001,B2B0582,244595.37,Negotiation
2023-12-11,REP001,B2B0583,264985.81,Negotiation
2023-12-11,REP002,B2B0584,285276.42,Discovery
2023-12-12,REP001,B2B0585,129008.52,Closed Lost
2023-12-12,REP003,B2B0586,322353.67,Closed Lost
2023-12-12,REP003,B2B0587,204375.59,Closed Lost
2023-12-13,REP001,B2B0588,279399.79,Closed Won
2023-12-13,REP001,B2B0589,212561.20,Negotiation
2023-12-13,REP003,B2B0590,78228.71,Closed Lost
2023-12-13,REP001,B2B0591,86069.05,Closed Won
2023-12-14,REP002,B2B0592,247442.63,Proposal
2023-12-14,REP003,B2B0593,298142.80,Proposal
2023-12-15,REP002,B2B0594,86825.27,Discovery
2023-12-15,REP003,B2B0595,231754.68,Closed Won
2023-12-18,REP003,B2B0596,259396.51,Closed Lost
2023-12-18,REP001,B2B0597,368863.62,Discovery
2023-12-18,REP003,B2B0598,179783.22,Proposal
2023-12-19,REP003,B2B0599,131046.79,Closed Won
2023-12-19,REP001,B2B0600,178569.13,Negotiation
2023-12-19,REP002,B2B0601,95937.94,Closed Lost
2023-12-19,REP002,B2B0602,278586.45,Discovery
2023-12-19,REP003,B2B0603,169717.63,Closed Lost
2023-12-20,REP001,B2B0604,284845.08,Negotiation
2023-12-20,REP003,B2B0605,86789.91,Proposal
2023-12-20,REP003,B2B0606,213659.53,Discovery
2023-12-20,REP001,B2B0607,301296.96,Discovery
2023-12-20,REP003,B2B0608,55586.96,Negotiation
2023-12-21,REP003,B2B0609,59883.26,Proposal
2023-12-21,REP003,B2B0610,76728.27,Negotiation
2023-12-22,REP002,B2B0611,79627.92,Discovery
2023-12-22,REP002,B2B0612,117863.93,Negotiation
2023-12-22,REP002,B2B0613,237377.44,Proposal
2023-12-25,REP002,B2B0614,160340.83,Proposal
2023-12-25,REP002,B2B0615,151574.04,Negotiation
2023-12-25,REP002,B2B0616,70682.63,Discovery
2023-12-26,REP003,B2B0617,169143.49,Negotiation
2023-12-26,REP001,B2B0618,163375.55,Negotiation
2023-12-27,REP002,B2B0619,239440.51,Closed Won
2023-12-27,REP003,B2B0620,62621.27,Proposal
2023-12-27,REP002,B2B0621,105214.68,Negotiation
2023-12-28,REP002,B2B0622,108018.58,Proposal
2023-12-28,REP001,B2B0623,255011.76,Closed Won
2023-12-28,REP002,B2B0624,119354.90,Proposal
2023-12-28,REP001,B2B0625,115588.37,Negotiation
2023-12-28,REP003,B2B0626,135128.66,Closed Lost
2023-12-29,REP003,B2B0627,172554.96,Discovery
2023-12-29,REP003,B2B0628,345653.90,Negotiation
2023-12-29,REP001,B2B0629,277960.84,Closed Lost
2023-12-29,REP003,B2B0630,237801.29,Closed Won
2024-01-01,REP001,B2B0631,233908.61,Negotiation
2024-01-01,REP003,B2B0632,201395.25,Closed Won
2024-01-02,REP001,B2B0633,73729.85,Negotiation
2024-01-02,REP003,B2B0634,219491.26,Closed Lost
2024-01-02,REP001,B2B0635,226404.22,Closed Lost
2024-01-03,REP001,B2B0636,110785.59,Negotiation
2024-01-03,REP001,B2B0637,202264.76,Negotiation
2024-01-03,REP002,B2B0638,191542.06,Closed Won
2024-01-03,REP003,B2B0639,48129.69,Discovery
2024-01-04,REP003,B2B0640,256979.19,Proposal
2024-01-04,REP002,B2B0641,170502.45,Discovery
2024-01-05,REP003,B2B0642,227218.35,Proposal
2024-01-05,REP003,B2B0643,89945.86,Negotiation
2024-01-08,REP001,B2B0644,115190.56,Negotiation
2024-01-08,REP003,B2B0645,171461.10,Closed Won
2024-01-09,REP001,B2B0646,125179.10,Negotiation
2024-01-09,REP003,B2B0647,179023.13,Proposal
2024-01-09,REP001,B2B0648,154033.47,Discovery
2024-01-10,REP001,B2B0649,244664.94,Negotiation
2024-01-10,REP001,B2B0650,52396.26,Negotiation
2024-01-10,REP001,B2B0651,127003.32,Negotiation
2024-01-10,REP002,B2B0652,206651.07,Discovery
2024-01-10,REP003,B2B0653,174121.16,Negotiation
2024-01-11,REP001,B2B0654,237166.65,Proposal
2024-01-11,REP001,B2B0655,245318.01,Proposal
2024-01-11,REP001,B2B0656,126993.41,Closed Lost
2024-01-12,REP001,B2B0657,76902.89,Proposal
2024-01-12,REP002,B2B0658,204353.84,Closed Won
2024-01-12,REP001,B2B0659,192893.31,Proposal
2024-01-15,REP002,B2B0660,43869.17,Closed Won
2024-01-15,REP001,B2B0661,72609.36,Proposal
2024-01-15,REP001,B2B0662,57391.02,Proposal
2024-01-15,REP002,B2B0663,225343.14,Closed Lost
2024-01-15,REP003,B2B0664,190191.58,Closed Lost
2024-01-16,REP002,B2B0665,76489.44,Closed Lost
2024-01-16,REP003,B2B0666,205996.11,Proposal
2024-01-16,REP003,B2B0667,269738.60,Closed Won
2024-01-16,REP002,B2B0668,97323.76,Discovery
2024-01-17,REP002,B2B0669,98453.51,Closed Lost
2024-01-17,REP002,B2B0670,273657.12,Proposal
2024-01-17,REP001,B2B0671,96803.38,Closed Lost
2024-01-18,REP003,B2B0672,178182.71,Proposal
2024-01-18,REP001,B2B0673,155626.10,Closed Lost
2024-01-19,REP001,B2B0674,124214.12,Closed Lost
2024-01-19,REP001,B2B0675,110621.44,Closed Lost
2024-01-19,REP001,B2B0676,116565.11,Negotiation
2024-01-22,REP001,B2B0677,56656.72,Closed Won
2024-01-22,REP001,B2B0678,83689.28,Discovery
2024-01-22,REP003,B2B0679,69288.13,Closed Won
2024-01-23,REP002,B2B0680,182469.23,Negotiation
2024-01-23,REP002,B2B0681,82208.22,Negotiation
2024-01-24,REP001,B2B0682,56818.93,Discovery
2024-01-24,REP003,B2B0683,54892.68,Negotiation
2024-01-24,REP001,B2B0684,239105.69,Discovery
2024-01-24,REP003,B2B0685,80763.18,Discovery
2024-01-25,REP003,B2B0686,230120.22,Closed Lost
2024-01-25,REP001,B2B0687,230634.36,Negotiation
2024-01-25,REP002,B2B0688,162136.49,Negotiation
2024-01-25,REP002,B2B0689,126796.48,Discovery
2024-01-25,REP003,B2B0690,214717.38,Closed Won
2024-01-26,REP002,B2B0691,158723.74,Discovery
2024-01-26,REP001,B2B0692,90751.83,Discovery
2024-01-26,REP002,B2B0693,121507.12,Discovery
2024-01-26,REP003,B2B0694,172913.12,Discovery
2024-01-29,REP001,B2B0695,142477.50,Negotiation
2024-01-29,REP001,B2B0696,118146.60,Closed Won
2024-01-29,REP002,B2B0697,181542.51,Proposal
2024-01-29,REP002,B2B0698,83408.99,Negotiation
2024-01-30,REP003,B2B0699,64614.23,Negotiation
2024-01-30,REP001,B2B0700,232957.40,Discovery
2024-01-30,REP003,B2B0701,165307.37,Closed Won
2024-01-30,REP001,B2B0702,94246.93,Closed Won
2024-01-31,REP001,B2B0703,215547.80,Closed Lost
2024-01-31,REP001,B2B0704,92543.86,Discovery
2024-01-31,REP002,B2B0705,117311.49,Closed Lost
2024-01-31,REP001,B2B0706,302638.23,Negotiation
2024-02-01,REP003,B2B0707,83872.17,Closed Won
2024-02-01,REP002,B2B0708,262662.27,Proposal
2024-02-01,REP003,B2B0709,219916.42,Closed Won
2024-02-01,REP002,B2B0710,104621.40,Closed Won
2024-02-02,REP003,B2B0711,85844.94,Closed Lost
2024-02-02,REP003,B2B0712,209178.57,Proposal
2024-02-02,REP001,B2B0713,96644.87,Closed Won
2024-02-02,REP003,B2B0714,77775.07,Closed Won
2024-02-05,REP001,B2B0715,101042.92,Negotiation
2024-02-05,REP001,B2B0716,178653.33,Closed Won
2024-02-05,REP001,B2B0717,139851.43,Negotiation
2024-02-06,REP001,B2B0718,99033.60,Negotiation
2024-02-06,REP002,B2B0719,154480.43,Proposal
2024-02-06,REP002,B2B0720,107074.40,Discovery
2024-02-06,REP002,B2B0721,124879.93,Closed Won
2024-02-07,REP002,B2B0722,197549.35,Discovery
2024-02-07,REP001,B2B0723,223068.03,Negotiation
2024-02-07,REP001,B2B0724,175134.21,Negotiation
2024-02-07,REP002,B2B0725,228792.15,Proposal
2024-02-08,REP003,B2B0726,292411.27,Discovery
2024-02-08,REP002,B2B0727,232748.60,Discovery
2024-02-08,REP002,B2B0728,115352.91,Negotiation
2024-02-08,REP001,B2B0729,246315.23,Negotiation
2024-02-08,REP003,B2B0730,124471.66,Proposal
2024-02-09,REP001,B2B0731,65147.28,Closed Lost
2024-02-09,REP002,B2B0732,174957.42,Closed Lost
2024-02-09,REP001,B2B0733,165763.22,Proposal
2024-02-12,REP003,B2B0734,69521.83,Proposal
2024-02-12,REP002,B2B0735,189830.23,Proposal
2024-02-12,REP001,B2B0736,298403.12,Discovery
2024-02-13,REP002,B2B0737,262428.64,Discovery
2024-02-13,REP002,B2B0738,324201.16,Closed Lost
2024-02-13,REP001,B2B0739,45971.88,Proposal
2024-02-13,REP001,B2B0740,263319.98,Discovery
2024-02-13,REP002,B2B0741,246475.76,Discovery
2024-02-14,REP003,B2B0742,210513.93,Negotiation
2024-02-14,REP002,B2B0743,214156.66,Closed Won
2024-02-14,REP002,B2B0744,248745.99,Closed Won
2024-02-15,REP003,B2B0745,196624.21,Closed Won
2024-02-15,REP002,B2B0746,181457.68,Discovery
2024-02-16,REP003,B2B0747,80554.16,Discovery
2024-02-16,REP003,B2B0748,204547.59,Negotiation
2024-02-16,REP001,B2B0749,107387.88,Closed Lost
2024-02-16,REP002,B2B0750,145464.21,Closed Won
2024-02-19,REP001,B2B0751,263059.98,Proposal
2024-02-19,REP001,B2B0752,199355.45,Closed Won
2024-02-19,REP002,B2B0753,137312.95,Closed Won
2024-02-20,REP001,B2B0754,135674.16,Negotiation
2024-02-20,REP001,B2B0755,192288.68,Closed Won
2024-02-21,REP002,B2B0756,218096.80,Closed Won
2024-02-21,REP002,B2B0757,148559.34,Discovery
2024-02-22,REP001,B2B0758,204576.80,Discovery
2024-02-22,REP001,B2B0759,302106.40,Discovery
2024-02-23,REP002,B2B0760,158533.55,Discovery
2024-02-23,REP002,B2B0761,89648.58,Closed Won
2024-02-23,REP001,B2B0762,135317.71,Proposal
2024-02-26,REP002,B2B0763,276108.07,Negotiation
2024-02-26,REP001,B2B0764,251459.70,Closed Lost
2024-02-26,REP001,B2B0765,179667.84,Closed Won
2024-02-27,REP003,B2B0766,231885.20,Closed Lost
2024-02-27,REP002,B2B0767,136027.84,Discovery
2024-02-27,REP001,B2B0768,117567.62,Closed Lost
2024-02-27,REP002,B2B0769,257251.30,Negotiation
2024-02-27,REP002,B2B0770,131180.62,Closed Lost
2024-02-28,REP002,B2B0771,54870.99,Proposal
2024-02-28,REP003,B2B0772,151327.21,Negotiation
2024-02-28,REP002,B2B0773,228730.21,Discovery
2024-02-29,REP003,B2B0774,130543.00,Negotiation
2024-02-29,REP002,B2B0775,193765.06,Discovery
2024-03-01,REP002,B2B0776,225413.45,Closed Lost
2024-03-01,REP003,B2B0777,346103.99,Closed Won
2024-03-01,REP003,B2B0778,182146.27,Negotiation
2024-03-01,REP003,B2B0779,250247.31,Closed Lost
2024-03-01,REP003,B2B0780,219397.31,Closed Won
2024-03-04,REP003,B2B0781,102077.45,Closed Lost
2024-03-04,REP002,B2B0782,193478.05,Proposal
2024-03-05,REP003,B2B0783,74469.79,Discovery
2024-03-05,REP003,B2B0784,250320.64,Proposal
2024-03-05,REP001,B2B0785,274422.49,Discovery
2024-03-05,REP001,B2B0786,287453.71,Proposal
2024-03-06,REP002,B2B0787,194558.38,Discovery
2024-03-06,REP002,B2B0788,249071.82,Proposal
2024-03-06,REP002,B2B0789,231829.38,Closed Won
2024-03-06,REP002,B2B0790,349153.63,Proposal
2024-03-06,REP002,B2B0791,210570.91,Proposal
2024-03-07,REP002,B2B0792,220408.00,Proposal
2024-03-07,REP003,B2B0793,87353.15,Closed Lost
2024-03-07,REP001,B2B0794,330297.39,Negotiation
2024-03-08,REP003,B2B0795,85042.72,Proposal
2024-03-08,REP003,B2B0796,205018.83,Proposal
2024-03-08,REP002,B2B0797,217926.28,Negotiation
2024-03-08,REP003,B2B0798,223692.80,Closed Lost
2024-03-08,REP002,B2B0799,217269.64,Negotiation
2024-03-11,REP003,B2B0800,75871.03,Closed Won
2024-03-11,REP002,B2B0801,81194.66,Proposal
2024-03-11,REP001,B2B0802,269149.30,Discovery
2024-03-11,REP002,B2B0803,309772.47,Negotiation
2024-03-11,REP002,B2B0804,206630.17,Negotiation
2024-03-12,REP003,B2B0805,353344.66,Discovery
2024-03-12,REP001,B2B0806,188239.09,Closed Lost
2024-03-12,REP002,B2B0807,223963.93,Closed Won
2024-03-12,REP001,B2B0808,394067.45,Closed Won
2024-03-13,REP001,B2B0809,91304.59,Proposal
2024-03-13,REP003,B2B0810,174431.47,Discovery
2024-03-13,REP001,B2B0811,154498.32,Discovery
2024-03-14,REP001,B2B0812,118420.12,Negotiation
2024-03-14,REP001,B2B0813,162154.86,Proposal
2024-03-14,REP003,B2B0814,231868.61,Closed Won
2024-03-14,REP003,B2B0815,80714.35,Negotiation
2024-03-15,REP003,B2B0816,148230.32,Closed Won
2024-03-15,REP003,B2B0817,136242.47,Proposal
2024-03-15,REP001,B2B0818,243986.38,Closed Won
2024-03-18,REP003,B2B0819,94741.96,Proposal
2024-03-18,REP002,B2B0820,64787.66,Closed Won
2024-03-18,REP003,B2B0821,200811.07,Closed Won
2024-03-18,REP002,B2B0822,353574.08,Closed Lost
2024-03-18,REP001,B2B0823,270486.61,Negotiation
2024-03-19,REP002,B2B0824,312345.19,Proposal
2024-03-19,REP001,B2B0825,107246.95,Proposal
2024-03-20,REP001,B2B0826,310629.76,Proposal
2024-03-20,REP001,B2B0827,174920.06,Closed Won
2024-03-21,REP002,B2B0828,215106.20,Proposal
2024-03-21,REP003,B2B0829,86691.81,Closed Lost
2024-03-22,REP001,B2B0830,169130.56,Closed Lost
2024-03-22,REP003,B2B0831,161683.42,Closed Won
2024-03-22,REP002,B2B0832,231755.24,Proposal
2024-03-25,REP002,B2B0833,78434.00,Closed Lost
2024-03-25,REP002,B2B0834,129752.40,Proposal
2024-03-25,REP003,B2B0835,139850.81,Proposal
2024-03-26,REP002,B2B0836,214094.17,Negotiation
2024-03-26,REP002,B2B0837,344820.91,Proposal
2024-03-26,REP002,B2B0838,117594.94,Closed Won
2024-03-26,REP003,B2B0839,93107.27,Proposal
2024-03-26,REP002,B2B0840,245051.94,Proposal
2024-03-27,REP001,B2B0841,301365.06,Discovery
2024-03-27,REP002,B2B0842,275409.07,Discovery
2024-03-28,REP002,B2B0843,192448.27,Closed Won
2024-03-28,REP001,B2B0844,206353.25,Closed Lost
2024-03-28,REP002,B2B0845,144067.71,Closed Won
2024-03-29,REP003,B2B0846,139945.55,Closed Lost
2024-03-29,REP003,B2B0847,374569.62,Closed Won
2024-03-29,REP001,B2B0848,144725.29,Discovery
2024-04-01,REP003,B2B0849,224083.63,Closed Won
2024-04-01,REP002,B2B0850,285032.76,Discovery
2024-04-01,REP002,B2B0851,313181.85,Closed Won
2024-04-01,REP001,B2B0852,276252.06,Discovery
2024-04-01,REP002,B2B0853,280638.38,Closed Won
2024-04-02,REP001,B2B0854,262469.36,Negotiation
2024-04-02,REP002,B2B0855,273306.88,Discovery
2024-04-02,REP002,B2B0856,259032.62,Negotiation
2024-04-03,REP001,B2B0857,261056.60,Closed Won
2024-04-03,REP003,B2B0858,115820.19,Proposal
2024-04-03,REP001,B2B0859,371148.83,Proposal
2024-04-03,REP002,B2B0860,260438.35,Discovery
2024-04-03,REP003,B2B0861,229207.49,Negotiation
2024-04-04,REP002,B2B0862,211422.03,Discovery
2024-04-04,REP001,B2B0863,94012.00,Discovery
2024-04-04,REP002,B2B0864,335016.90,Proposal
2024-04-05,REP003,B2B0865,230189.47,Negotiation
2024-04-05,REP003,B2B0866,335955.09,Closed Lost
2024-04-05,REP002,B2B0867,296074.95,Closed Lost
2024-04-05,REP003,B2B0868,233216.54,Negotiation
2024-04-05,REP002,B2B0869,251231.24,Closed Lost
2024-04-08,REP001,B2B0870,251361.24,Proposal
2024-04-08,REP001,B2B0871,340754.57,Closed Won
2024-04-08,REP002,B2B0872,187145.91,Proposal
2024-04-08,REP001,B2B0873,388979.46,Closed Won
2024-04-08,REP002,B2B0874,193357.29,Closed Won
2024-04-09,REP003,B2B0875,234179.70,Closed Won
2024-04-09,REP003,B2B0876,92371.17,Closed Lost
2024-04-09,REP002,B2B0877,243092.34,Proposal
2024-04-09,REP001,B2B0878,144462.58,Discovery
2024-04-09,REP003,B2B0879,212361.53,Closed Lost
2024-04-10,REP002,B2B0880,241442.16,Negotiation
2024-04-10,REP001,B2B0881,236520.53,Discovery
2024-04-11,REP002,B2B0882,161274.93,Closed Lost
2024-04-11,REP001,B2B0883,64452.04,Discovery
2024-04-11,REP001,B2B0884,126372.33,Negotiation
2024-04-11,REP002,B2B0885,137757.11,Proposal
2024-04-12,REP002,B2B0886,249235.55,Closed Lost
2024-04-12,REP002,B2B0887,126627.21,Proposal
2024-04-12,REP003,B2B0888,333606.06,Negotiation
2024-04-12,REP002,B2B0889,276984.02,Proposal
2024-04-12,REP001,B2B0890,248375.34,Discovery
2024-04-15,REP002,B2B0891,105705.47,Discovery
2024-04-15,REP003,B2B0892,259288.63,Negotiation
2024-04-15,REP003,B2B0893,399873.55,Closed Won
2024-04-15,REP001,B2B0894,334840.77,Closed Lost
2024-04-16,REP002,B2B0895,369561.21,Proposal
2024-04-16,REP003,B2B0896,112742.14,Negotiation
2024-04-16,REP001,B2B0897,127804.39,Closed Lost
2024-04-17,REP003,B2B0898,279406.11,Closed Won
2024-04-17,REP003,B2B0899,145745.84,Closed Won
2024-04-18,REP001,B2B0900,253651.56,Negotiation
2024-04-18,REP002,B2B0901,113922.19,Proposal
2024-04-18,REP002,B2B0902,280667.78,Closed Lost
2024-04-18,REP003,B2B0903,92577.02,Discovery
2024-04-19,REP003,B2B0904,233655.97,Negotiation
2024-04-19,REP003,B2B0905,140068.38,Discovery
2024-04-19,REP001,B2B0906,329989.10,Negotiation
2024-04-19,REP002,B2B0907,217803.50,Negotiation
2024-04-19,REP002,B2B0908,126983.31,Closed Lost
2024-04-22,REP002,B2B0909,223061.74,Closed Lost
2024-04-22,REP001,B2B0910,118855.18,Discovery
2024-04-22,REP001,B2B0911,390591.18,Negotiation
2024-04-23,REP003,B2B0912,343084.89,Discovery
2024-04-23,REP001,B2B0913,289438.81,Proposal
2024-04-23,REP002,B2B0914,134316.06,Closed Lost
2024-04-24,REP003,B2B0915,78235.80,Proposal
2024-04-24,REP002,B2B0916,63017.68,Closed Lost
2024-04-24,REP003,B2B0917,250541.56,Negotiation
2024-04-24,REP002,B2B0918,120160.26,Closed Won
2024-04-24,REP002,B2B0919,86184.11,Negotiation
2024-04-25,REP002,B2B0920,227736.14,Proposal
2024-04-25,REP002,B2B0921,331949.58,Closed Lost
2024-04-25,REP002,B2B0922,394285.81,Negotiation
2024-04-25,REP003,B2B0923,240281.88,Negotiation
2024-04-25,REP002,B2B0924,324536.29,Closed Lost
2024-04-26,REP002,B2B0925,348448.99,Discovery
2024-04-26,REP001,B2B0926,301677.81,Proposal
2024-04-26,REP001,B2B0927,355058.58,Discovery
2024-04-29,REP002,B2B0928,186152.82,Proposal
2024-04-29,REP001,B2B0929,412798.63,Proposal
2024-04-29,REP003,B2B0930,382782.49,Negotiation
2024-04-30,REP001,B2B0931,118380.60,Negotiation
2024-04-30,REP002,B2B0932,194775.47,Closed Won
2024-04-30,REP003,B2B0933,296893.19,Discovery
2024-04-30,REP002,B2B0934,170805.63,Closed Won
2024-05-01,REP003,B2B0935,243943.79,Closed Won
2024-05-01,REP001,B2B0936,256753.37,Proposal
2024-05-01,REP002,B2B0937,169033.81,Closed Won
2024-05-01,REP003,B2B0938,360003.12,Discovery
2024-05-01,REP001,B2B0939,176062.68,Closed Lost
2024-05-02,REP002,B2B0940,161898.96,Proposal
2024-05-02,REP001,B2B0941,290278.22,Discovery
2024-05-02,REP003,B2B0942,109962.83,Closed Lost
2024-05-03,REP003,B2B0943,64693.30,Negotiation
2024-05-03,REP003,B2B0944,93996.04,Discovery
2024-05-03,REP003,B2B0945,144877.96,Negotiation
2024-05-06,REP001,B2B0946,122769.46,Closed Lost
2024-05-06,REP001,B2B0947,307660.02,Closed Won
2024-05-06,REP003,B2B0948,287921.05,Proposal
2024-05-06,REP002,B2B0949,212339.20,Negotiation
2024-05-06,REP002,B2B0950,286626.73,Closed Won
2024-05-07,REP002,B2B0951,125221.67,Closed Lost
2024-05-07,REP001,B2B0952,159931.93,Closed Won
2024-05-07,REP002,B2B0953,336578.46,Closed Lost
2024-05-08,REP003,B2B0954,113242.24,Closed Won
2024-05-08,REP001,B2B0955,290437.38,Proposal
2024-05-08,REP001,B2B0956,218785.86,Proposal
2024-05-09,REP001,B2B0957,186192.55,Proposal
2024-05-09,REP001,B2B0958,230024.19,Closed Won
2024-05-09,REP001,B2B0959,362335.53,Closed Won
2024-05-10,REP003,B2B0960,365981.39,Closed Lost
2024-05-10,REP003,B2B0961,116247.33,Proposal
2024-05-10,REP002,B2B0962,275497.95,Closed Lost
2024-05-10,REP003,B2B0963,125177.12,Closed Lost
2024-05-13,REP002,B2B0964,181897.32,Closed Won
2024-05-13,REP001,B2B0965,120301.72,Closed Won
2024-05-13,REP002,B2B0966,157651.72,Negotiation
2024-05-13,REP003,B2B0967,336608.67,Closed Won
2024-05-14,REP001,B2B0968,319542.46,Closed Lost
2024-05-14,REP002,B2B0969,61105.72,Closed Lost
2024-05-15,REP002,B2B0970,94231.68,Closed Lost
2024-05-15,REP002,B2B0971,324297.00,Closed Won
2024-05-15,REP003,B2B0972,87021.29,Negotiation
2024-05-16,REP003,B2B0973,386001.25,Closed Lost
2024-05-16,REP001,B2B0974,122009.35,Discovery
2024-05-16,REP001,B2B0975,336355.52,Closed Won
2024-05-17,REP003,B2B0976,132058.83,Closed Lost
2024-05-17,REP002,B2B0977,269727.73,Closed Won
2024-05-20,REP002,B2B0978,283055.34,Negotiation
2024-05-20,REP003,B2B0979,212012.79,Proposal
2024-05-20,REP001,B2B0980,274100.67,Discovery
2024-05-20,REP001,B2B0981,73840.62,Negotiation
2024-05-20,REP001,B2B0982,343780.24,Closed Lost
2024-05-21,REP001,B2B0983,197057.42,Negotiation
2024-05-21,REP001,B2B0984,412431.27,Discovery
2024-05-21,REP001,B2B0985,304848.46,Closed Lost
2024-05-21,REP001,B2B0986,323732.26,Negotiation
2024-05-22,REP001,B2B0987,152021.12,Closed Won
2024-05-22,REP002,B2B0988,284966.45,Closed Lost
2024-05-23,REP001,B2B0989,248134.94,Closed Won
2024-05-23,REP001,B2B0990,134056.95,Discovery
2024-05-23,REP001,B2B0991,197105.73,Proposal
2024-05-24,REP001,B2B0992,148397.72,Closed Won
2024-05-24,REP002,B2B0993,241326.64,Proposal
2024-05-24,REP001,B2B0994,107572.70,Discovery
2024-05-27,REP002,B2B0995,181184.34,Proposal
2024-05-27,REP001,B2B0996,80531.27,Proposal
2024-05-28,REP003,B2B0997,314665.12,Closed Lost
2024-05-28,REP002,B2B0998,395589.75,Proposal
2024-05-28,REP001,B2B0999,183222.72,Proposal
2024-05-28,REP002,B2B1000,196821.31,Proposal
2024-05-29,REP003,B2B1001,368835.22,Negotiation
2024-05-29,REP003,B2B1002,103346.80,Discovery
2024-05-29,REP001,B2B1003,154185.46,Closed Lost
2024-05-29,REP003,B2B1004,168182.86,Discovery
2024-05-29,REP003,B2B1005,285225.55,Proposal
2024-05-30,REP003,B2B1006,181040.22,Closed Lost
2024-05-30,REP001,B2B1007,336459.47,Negotiation
2024-05-30,REP002,B2B1008,316906.40,Discovery
2024-05-31,REP003,B2B1009,287410.87,Closed Lost
2024-05-31,REP002,B2B1010,108088.60,Discovery
2024-05-31,REP001,B2B1011,133720.20,Closed Won
2024-06-03,REP001,B2B1012,151903.59,Negotiation
2024-06-03,REP003,B2B1013,199062.55,Negotiation
2024-06-04,REP001,B2B1014,355935.83,Proposal
2024-06-04,REP001,B2B1015,119501.45,Closed Won
2024-06-04,REP001,B2B1016,206126.37,Proposal
2024-06-05,REP002,B2B1017,91736.07,Closed Lost
2024-06-05,REP003,B2B1018,85917.07,Closed Won
2024-06-05,REP002,B2B1019,295058.55,Discovery
2024-06-05,REP002,B2B1020,152143.10,Discovery
2024-06-05,REP002,B2B1021,184698.29,Proposal
2024-06-06,REP001,B2B1022,311510.75,Discovery
2024-06-06,REP001,B2B1023,72995.79,Negotiation
2024-06-07,REP002,B2B1024,263597.11,Closed Won
2024-06-07,REP002,B2B1025,258764.29,Negotiation
2024-06-07,REP002,B2B1026,273199.27,Negotiation
2024-06-07,REP002,B2B1027,332783.86,Proposal
2024-06-07,REP002,B2B1028,257567.82,Negotiation
2024-06-10,REP002,B2B1029,75408.47,Discovery
2024-06-10,REP003,B2B1030,97174.91,Discovery
2024-06-10,REP001,B2B1031,151524.08,Closed Won
2024-06-10,REP003,B2B1032,138997.44,Discovery
2024-06-10,REP002,B2B1033,126201.34,Closed Lost
2024-06-11,REP003,B2B1034,80060.26,Negotiation
2024-06-11,REP002,B2B1035,112455.47,Closed Lost
2024-06-12,REP003,B2B1036,104174.63,Discovery
2024-06-12,REP001,B2B1037,248136.89,Closed Won
2024-06-13,REP001,B2B1038,145372.24,Discovery
2024-06-13,REP001,B2B1039,351891.89,Negotiation
2024-06-13,REP002,B2B1040,434046.69,Proposal
2024-06-13,REP002,B2B1041,125540.45,Proposal
2024-06-13,REP001,B2B1042,69978.27,Closed Lost
2024-06-14,REP002,B2B1043,220619.49,Closed Won
2024-06-14,REP003,B2B1044,161421.92,Discovery
2024-06-14,REP002,B2B1045,137899.22,Proposal
2024-06-14,REP003,B2B1046,221753.52,Closed Won
2024-06-17,REP002,B2B1047,319691.00,Closed Won
2024-06-17,REP001,B2B1048,88573.09,Proposal
2024-06-17,REP003,B2B1049,345868.22,Discovery
2024-06-17,REP001,B2B1050,87879.45,Discovery
2024-06-18,REP002,B2B1051,305639.46,Discovery
2024-06-18,REP001,B2B1052,373708.92,Closed Won
2024-06-18,REP001,B2B1053,394676.24,Discovery
2024-06-18,REP001,B2B1054,324981.76,Closed Lost
2024-06-19,REP003,B2B1055,276404.20,Negotiation
2024-06-19,REP003,B2B1056,69922.44,Discovery
2024-06-20,REP001,B2B1057,104335.72,Closed Lost
2024-06-20,REP003,B2B1058,246753.82,Closed Lost
2024-06-20,REP002,B2B1059,366413.17,Closed Won
2024-06-20,REP003,B2B1060,237964.70,Discovery
2024-06-21,REP002,B2B1061,272660.20,Discovery
2024-06-21,REP002,B2B1062,189044.96,Closed Won
2024-06-21,REP002,B2B1063,389345.08,Proposal
2024-06-24,REP002,B2B1064,180841.78,Negotiation
2024-06-24,REP001,B2B1065,152974.40,Proposal
2024-06-24,REP002,B2B1066,225236.62,Closed Lost
2024-06-25,REP003,B2B1067,293129.83,Discovery
2024-06-25,REP003,B2B1068,247858.99,Negotiation
2024-06-25,REP001,B2B1069,377050.69,Proposal
2024-06-25,REP001,B2B1070,153622.47,Closed Lost
2024-06-26,REP001,B2B1071,102068.74,Discovery
2024-06-26,REP001,B2B1072,280050.49,Negotiation
2024-06-26,REP001,B2B1073,330306.36,Closed Lost
2024-06-27,REP001,B2B1074,190227.74,Closed Lost
2024-06-27,REP003,B2B1075,219381.15,Closed Lost
2024-06-28,REP001,B2B1076,403686.77,Discovery
2024-06-28,REP003,B2B1077,370945.91,Closed Lost
2024-06-28,REP003,B2B1078,264084.35,Discovery
2024-06-28,REP001,B2B1079,444834.15,Closed Won
2024-06-28,REP002,B2B1080,187316.45,Closed Won
2024-07-01,REP003,B2B1081,268414.57,Proposal
2024-07-01,REP003,B2B1082,435371.84,Discovery
2024-07-01,REP003,B2B1083,126706.50,Discovery
2024-07-01,REP002,B2B1084,240584.56,Discovery
2024-07-02,REP001,B2B1085,205925.18,Discovery
2024-07-02,REP002,B2B1086,297965.92,Discovery
2024-07-02,REP001,B2B1087,258629.41,Closed Won
2024-07-03,REP001,B2B1088,236855.69,Proposal
2024-07-03,REP002,B2B1089,341856.49,Closed Won
2024-07-03,REP003,B2B1090,366727.29,Discovery
2024-07-03,REP002,B2B1091,73308.04,Negotiation
2024-07-04,REP003,B2B1092,112177.24,Closed Lost
2024-07-04,REP002,B2B1093,105592.60,Closed Won
2024-07-04,REP001,B2B1094,226415.06,Closed Won
2024-07-05,REP003,B2B1095,369478.14,Closed Lost
2024-07-05,REP003,B2B1096,144154.15,Closed Won
2024-07-05,REP003,B2B1097,320128.11,Closed Won
2024-07-05,REP001,B2B1098,185581.36,Closed Won
2024-07-08,REP003,B2B1099,203404.90,Closed Lost
2024-07-08,REP001,B2B1100,338452.05,Negotiation
2024-07-08,REP002,B2B1101,236976.39,Proposal
2024-07-08,REP001,B2B1102,229507.44,Closed Won
2024-07-09,REP001,B2B1103,427417.34,Negotiation
2024-07-09,REP003,B2B1104,340718.79,Closed Lost
2024-07-09,REP003,B2B1105,104183.02,Closed Lost
2024-07-10,REP002,B2B1106,230778.20,Closed Lost
2024-07-10,REP001,B2B1107,364088.98,Proposal
2024-07-10,REP002,B2B1108,229768.26,Closed Lost
2024-07-11,REP003,B2B1109,312693.17,Closed Won
2024-07-11,REP001,B2B1110,298251.30,Proposal
2024-07-11,REP001,B2B1111,276078.75,Proposal
2024-07-11,REP002,B2B1112,325919.85,Proposal
2024-07-11,REP001,B2B1113,310961.35,Discovery
2024-07-12,REP001,B2B1114,230891.66,Proposal
2024-07-12,REP001,B2B1115,83623.77,Negotiation
2024-07-12,REP002,B2B1116,273212.94,Discovery
2024-07-15,REP002,B2B1117,392165.73,Negotiation
2024-07-15,REP002,B2B1118,235968.35,Closed Won
2024-07-15,REP002,B2B1119,320031.11,Proposal
2024-07-16,REP002,B2B1120,72695.02,Discovery
2024-07-16,REP002,B2B1121,316511.01,Closed Won
2024-07-16,REP003,B2B1122,80394.60,Closed Lost
2024-07-16,REP003,B2B1123,261171.72,Closed Lost
2024-07-17,REP003,B2B1124,254104.97,Closed Won
2024-07-17,REP002,B2B1125,351627.16,Proposal
2024-07-18,REP002,B2B1126,94254.42,Discovery
2024-07-18,REP001,B2B1127,385663.79,Closed Lost
2024-07-19,REP002,B2B1128,306180.00,Closed Lost
2024-07-19,REP003,B2B1129,244026.84,Proposal
2024-07-19,REP003,B2B1130,368063.82,Closed Won
2024-07-22,REP003,B2B1131,209702.38,Negotiation
2024-07-22,REP003,B2B1132,392141.47,Negotiation
2024-07-22,REP002,B2B1133,353215.74,Discovery
2024-07-22,REP001,B2B1134,117360.42,Proposal
2024-07-23,REP003,B2B1135,357750.89,Negotiation
2024-07-23,REP001,B2B1136,278981.03,Negotiation
2024-07-24,REP001,B2B1137,246230.24,Closed Won
2024-07-24,REP003,B2B1138,319112.77,Closed Lost
2024-07-25,REP001,B2B1139,231035.71,Proposal
2024-07-25,REP002,B2B1140,390027.96,Closed Lost
2024-07-25,REP002,B2B1141,173807.00,Closed Lost
2024-07-25,REP001,B2B1142,199269.62,Closed Lost
2024-07-25,REP002,B2B1143,341218.47,Negotiation
2024-07-26,REP001,B2B1144,103207.66,Negotiation
2024-07-26,REP003,B2B1145,312817.39,Closed Lost
2024-07-26,REP002,B2B1146,201627.55,Closed Won
2024-07-26,REP002,B2B1147,126656.21,Negotiation
2024-07-29,REP002,B2B1148,330114.76,Closed Lost
2024-07-29,REP001,B2B1149,261135.97,Negotiation
2024-07-29,REP002,B2B1150,404695.39,Closed Lost
2024-07-29,REP001,B2B1151,227985.56,Proposal
2024-07-30,REP002,B2B1152,367159.09,Proposal
2024-07-30,REP002,B2B1153,164023.19,Negotiation
2024-07-30,REP001,B2B1154,96712.36,Negotiation
2024-07-30,REP001,B2B1155,350313.10,Discovery
2024-07-31,REP001,B2B1156,365838.62,Proposal
2024-07-31,REP002,B2B1157,217185.81,Closed Won
2024-07-31,REP003,B2B1158,283564.15,Negotiation
2024-07-31,REP003,B2B1159,93158.70,Discovery
2024-07-31,REP001,B2B1160,89908.32,Discovery
2024-08-01,REP003,B2B1161,412019.89,Negotiation
2024-08-01,REP003,B2B1162,283953.10,Discovery
2024-08-01,REP003,B2B1163,59066.49,Closed Won
2024-08-01,REP003,B2B1164,217928.09,Closed Lost
2024-08-02,REP001,B2B1165,385779.21,Proposal
2024-08-02,REP003,B2B1166,286674.89,Discovery
2024-08-02,REP002,B2B1167,210226.05,Closed Won
2024-08-05,REP001,B2B1168,269177.32,Discovery
2024-08-05,REP001,B2B1169,86171.96,Closed Lost
2024-08-05,REP002,B2B1170,143780.00,Proposal
2024-08-05,REP002,B2B1171,166486.06,Closed Lost
2024-08-06,REP003,B2B1172,66851.40,Proposal
2024-08-06,REP002,B2B1173,367506.10,Closed Lost
2024-08-06,REP001,B2B1174,181392.43,Proposal
2024-08-06,REP003,B2B1175,186327.77,Negotiation
2024-08-06,REP002,B2B1176,351557.14,Discovery
2024-08-07,REP002,B2B1177,166827.95,Negotiation
2024-08-07,REP002,B2B1178,277052.43,Proposal
2024-08-07,REP001,B2B1179,107253.27,Proposal
2024-08-07,REP001,B2B1180,400431.36,Closed Lost
2024-08-07,REP003,B2B1181,319089.42,Closed Won
2024-08-08,REP002,B2B1182,215922.97,Proposal
2024-08-08,REP003,B2B1183,143074.70,Proposal
2024-08-09,REP001,B2B1184,81402.96,Closed Won
2024-08-09,REP003,B2B1185,113834.08,Discovery
2024-08-09,REP002,B2B1186,200745.39,Discovery
2024-08-09,REP003,B2B1187,328561.93,Proposal
2024-08-09,REP001,B2B1188,149128.12,Closed Won
2024-08-12,REP002,B2B1189,288321.11,Closed Lost
2024-08-12,REP001,B2B1190,162113.61,Proposal
2024-08-12,REP002,B2B1191,66897.97,Discovery
2024-08-13,REP003,B2B1192,323393.25,Closed Lost
2024-08-13,REP001,B2B1193,354407.37,Negotiation
2024-08-14,REP002,B2B1194,173722.69,Negotiation
2024-08-14,REP002,B2B1195,186601.64,Closed Lost
2024-08-14,REP001,B2B1196,363116.00,Closed Won
2024-08-15,REP002,B2B1197,272826.00,Closed Lost
2024-08-15,REP001,B2B1198,67160.15,Negotiation
2024-08-15,REP001,B2B1199,244041.03,Discovery
2024-08-16,REP003,B2B1200,190730.75,Closed Lost
2024-08-16,REP003,B2B1201,191480.74,Closed Lost
2024-08-16,REP003,B2B1202,278855.95,Proposal
2024-08-19,REP002,B2B1203,385572.57,Negotiation
2024-08-19,REP002,B2B1204,268358.40,Negotiation
2024-08-20,REP003,B2B1205,116763.88,Closed Won
2024-08-20,REP001,B2B1206,84862.84,Closed Lost
2024-08-20,REP003,B2B1207,328201.27,Closed Won
2024-08-20,REP003,B2B1208,144263.56,Closed Lost
2024-08-20,REP003,B2B1209,161437.56,Closed Won
2024-08-21,REP003,B2B1210,136517.42,Discovery
2024-08-21,REP003,B2B1211,274431.63,Closed Won
2024-08-21,REP001,B2B1212,206331.10,Closed Lost
2024-08-22,REP001,B2B1213,192687.25,Closed Lost
2024-08-22,REP001,B2B1214,280156.41,Proposal
2024-08-22,REP001,B2B1215,77694.45,Discovery
2024-08-23,REP001,B2B1216,140299.60,Closed Lost
2024-08-23,REP002,B2B1217,211541.34,Closed Won
2024-08-26,REP001,B2B1218,316896.00,Closed Lost
2024-08-26,REP003,B2B1219,217189.87,Closed Won
2024-08-27,REP001,B2B1220,244334.58,Closed Won
2024-08-27,REP001,B2B1221,149228.06,Proposal
2024-08-28,REP002,B2B1222,265765.53,Closed Lost
2024-08-28,REP001,B2B1223,306896.41,Negotiation
2024-08-28,REP002,B2B1224,317156.79,Proposal
2024-08-28,REP001,B2B1225,148244.99,Closed Won
2024-08-29,REP003,B2B1226,331591.93,Discovery
2024-08-29,REP002,B2B1227,333661.89,Closed Won
2024-08-29,REP001,B2B1228,66542.13,Negotiation
2024-08-29,REP003,B2B1229,236683.41,Closed Won
2024-08-30,REP002,B2B1230,67611.99,Closed Won
2024-08-30,REP002,B2B1231,137391.39,Discovery
2024-09-02,REP003,B2B1232,166739.01,Discovery
2024-09-02,REP003,B2B1233,366591.12,Proposal
2024-09-03,REP001,B2B1234,306331.77,Closed Lost
2024-09-03,REP003,B2B1235,146338.47,Closed Lost
2024-09-03,REP002,B2B1236,71901.48,Closed Lost
2024-09-03,REP001,B2B1237,188498.02,Closed Lost
2024-09-04,REP002,B2B1238,215192.00,Closed Lost
2024-09-04,REP003,B2B1239,207158.52,Closed Won
2024-09-04,REP003,B2B1240,219177.76,Closed Won
2024-09-05,REP002,B2B1241,229968.03,Closed Won
2024-09-05,REP003,B2B1242,97567.19,Closed Won
2024-09-06,REP002,B2B1243,210119.60,Discovery
2024-09-06,REP003,B2B1244,186766.51,Proposal
2024-09-06,REP001,B2B1245,75511.16,Discovery
2024-09-09,REP002,B2B1246,338126.66,Closed Lost
2024-09-09,REP003,B2B1247,218006.46,Proposal
2024-09-09,REP002,B2B1248,73446.01,Discovery
2024-09-10,REP001,B2B1249,348503.38,Closed Won
2024-09-10,REP002,B2B1250,152766.72,Closed Won
2024-09-10,REP002,B2B1251,241517.17,Discovery
2024-09-10,REP003,B2B1252,270483.39,Proposal
2024-09-11,REP001,B2B1253,230693.68,Closed Lost
2024-09-11,REP001,B2B1254,136019.49,Proposal
2024-09-12,REP002,B2B1255,108324.55,Proposal
2024-09-12,REP003,B2B1256,333323.26,Closed Won
2024-09-12,REP001,B2B1257,340905.30,Negotiation
2024-09-12,REP003,B2B1258,285993.71,Closed Lost
2024-09-12,REP002,B2B1259,283376.71,Negotiation
2024-09-13,REP001,B2B1260,160911.38,Closed Lost
2024-09-13,REP001,B2B1261,96232.35,Negotiation
2024-09-13,REP002,B2B1262,315840.44,Discovery
2024-09-13,REP001,B2B1263,252168.17,Proposal
2024-09-13,REP003,B2B1264,281088.10,Closed Won
2024-09-16,REP001,B2B1265,347488.13,Negotiation
2024-09-16,REP002,B2B1266,297122.35,Closed Lost
2024-09-16,REP002,B2B1267,330914.87,Negotiation
2024-09-17,REP001,B2B1268,70753.74,Closed Lost
2024-09-17,REP001,B2B1269,107202.75,Negotiation
2024-09-18,REP001,B2B1270,90966.27,Closed Lost
2024-09-18,REP002,B2B1271,62596.88,Discovery
2024-09-18,REP001,B2B1272,332800.57,Discovery
2024-09-18,REP001,B2B1273,92109.77,Negotiation
2024-09-18,REP001,B2B1274,269750.87,Discovery
2024-09-19,REP002,B2B1275,100278.54,Discovery
2024-09-19,REP003,B2B1276,326668.95,Closed Won
2024-09-20,REP003,B2B1277,95614.84,Discovery
2024-09-20,REP001,B2B1278,208422.32,Discovery
2024-09-23,REP002,B2B1279,122725.56,Discovery
2024-09-23,REP003,B2B1280,220651.19,Negotiation
2024-09-24,REP003,B2B1281,114452.14,Closed Lost
2024-09-24,REP003,B2B1282,181888.30,Closed Won
2024-09-24,REP002,B2B1283,93265.64,Negotiation
2024-09-25,REP002,B2B1284,254875.80,Closed Lost
2024-09-25,REP003,B2B1285,228420.21,Proposal
2024-09-25,REP002,B2B1286,115426.46,Proposal
2024-09-25,REP003,B2B1287,318744.39,Discovery
2024-09-26,REP002,B2B1288,68390.67,Closed Lost
2024-09-26,REP002,B2B1289,136488.26,Proposal
2024-09-26,REP001,B2B1290,186176.36,Negotiation
2024-09-26,REP002,B2B1291,164839.52,Proposal
2024-09-27,REP001,B2B1292,213082.59,Closed Lost
2024-09-27,REP002,B2B1293,75391.05,Closed Won
2024-09-27,REP002,B2B1294,88538.25,Negotiation
2024-09-27,REP002,B2B1295,310611.23,Closed Lost
2024-09-30,REP003,B2B1296,158524.46,Closed Won
2024-09-30,REP003,B2B1297,391719.10,Negotiation
2024-09-30,REP002,B2B1298,304577.52,Discovery
2024-10-01,REP002,B2B1299,325168.19,Discovery
2024-10-01,REP002,B2B1300,155216.34,Negotiation
2024-10-01,REP002,B2B1301,99993.68,Closed Lost
2024-10-01,REP001,B2B1302,279393.70,Negotiation
2024-10-01,REP002,B2B1303,90460.00,Closed Won
2024-10-02,REP003,B2B1304,69391.56,Proposal
2024-10-02,REP001,B2B1305,336871.06,Discovery
2024-10-02,REP002,B2B1306,297385.42,Discovery
2024-10-02,REP001,B2B1307,152942.00,Negotiation
2024-10-03,REP003,B2B1308,168831.13,Discovery
2024-10-03,REP002,B2B1309,255186.23,Negotiation
2024-10-03,REP001,B2B1310,159665.60,Discovery
2024-10-03,REP003,B2B1311,106775.23,Discovery
2024-10-03,REP001,B2B1312,272942.49,Closed Lost
2024-10-04,REP001,B2B1313,71785.56,Closed Won
2024-10-04,REP003,B2B1314,338587.85,Proposal
2024-10-04,REP003,B2B1315,336543.20,Negotiation
2024-10-04,REP003,B2B1316,238459.55,Closed Lost
2024-10-07,REP001,B2B1317,175841.72,Discovery
2024-10-07,REP002,B2B1318,82321.89,Proposal
2024-10-07,REP002,B2B1319,234889.92,Discovery
2024-10-07,REP002,B2B1320,244869.60,Discovery
2024-10-08,REP003,B2B1321,262729.58,Discovery
2024-10-08,REP001,B2B1322,50330.82,Closed Lost
2024-10-08,REP001,B2B1323,384012.70,Discovery
2024-10-09,REP003,B2B1324,332643.12,Proposal
2024-10-09,REP001,B2B1325,325639.10,Closed Won
2024-10-09,REP001,B2B1326,194254.18,Discovery
2024-10-10,REP003,B2B1327,123749.77,Closed Lost
2024-10-10,REP001,B2B1328,358469.19,Closed Lost
2024-10-11,REP003,B2B1329,159691.29,Proposal
2024-10-11,REP002,B2B1330,250586.73,Closed Won
2024-10-11,REP001,B2B1331,68433.69,Closed Won
2024-10-14,REP003,B2B1332,330524.83,Closed Lost
2024-10-14,REP002,B2B1333,326051.80,Closed Lost
2024-10-14,REP001,B2B1334,72391.40,Negotiation
2024-10-14,REP001,B2B1335,295861.57,Proposal
2024-10-14,REP002,B2B1336,196583.41,Proposal
2024-10-15,REP003,B2B1337,285185.81,Negotiation
2024-10-15,REP003,B2B1338,300026.21,Discovery
2024-10-15,REP001,B2B1339,165941.06,Closed Won
2024-10-16,REP001,B2B1340,159353.47,Negotiation
2024-10-16,REP001,B2B1341,77575.90,Proposal
2024-10-16,REP002,B2B1342,154232.22,Negotiation
2024-10-16,REP001,B2B1343,198931.17,Negotiation
2024-10-16,REP001,B2B1344,201762.52,Closed Lost
2024-10-17,REP001,B2B1345,253666.32,Negotiation
2024-10-17,REP002,B2B1346,337806.97,Discovery
2024-10-17,REP003,B2B1347,72003.39,Closed Won
2024-10-18,REP002,B2B1348,107111.62,Closed Lost
2024-10-18,REP002,B2B1349,166411.61,Proposal
2024-10-21,REP001,B2B1350,324398.06,Closed Won
2024-10-21,REP001,B2B1351,295164.94,Closed Lost
2024-10-22,REP002,B2B1352,268883.88,Closed Won
2024-10-22,REP002,B2B1353,322844.47,Closed Lost
2024-10-23,REP002,B2B1354,302292.58,Closed Lost
2024-10-23,REP003,B2B1355,214941.57,Closed Won
2024-10-23,REP002,B2B1356,124332.54,Proposal
2024-10-23,REP002,B2B1357,258579.28,Proposal
2024-10-23,REP001,B2B1358,319151.09,Closed Lost
2024-10-24,REP001,B2B1359,135437.80,Closed Won
2024-10-24,REP001,B2B1360,283466.32,Discovery
2024-10-24,REP001,B2B1361,317646.74,Proposal
2024-10-25,REP003,B2B1362,279902.21,Proposal
2024-10-25,REP001,B2B1363,235886.57,Closed Lost
2024-10-25,REP003,B2B1364,281740.87,Closed Lost
2024-10-28,REP003,B2B1365,230730.57,Closed Won
2024-10-28,REP003,B2B1366,54888.86,Discovery
2024-10-29,REP003,B2B1367,180686.73,Closed Lost
2024-10-29,REP002,B2B1368,126217.43,Negotiation
2024-10-30,REP003,B2B1369,307687.35,Proposal
2024-10-30,REP003,B2B1370,225178.90,Discovery
2024-10-30,REP002,B2B1371,330015.40,Closed Won
2024-10-30,REP003,B2B1372,250617.29,Discovery
2024-10-30,REP003,B2B1373,268926.06,Closed Lost
2024-10-31,REP003,B2B1374,287360.33,Closed Lost
2024-10-31,REP002,B2B1375,146975.09,Negotiation
2024-10-31,REP001,B2B1376,246989.96,Closed Won
2024-11-01,REP001,B2B1377,69470.49,Closed Lost
2024-11-01,REP001,B2B1378,195465.00,Proposal
2024-11-01,REP001,B2B1379,229359.77,Proposal
2024-11-04,REP002,B2B1380,74797.53,Proposal
2024-11-04,REP003,B2B1381,114471.17,Closed Lost
2024-11-05,REP001,B2B1382,183023.05,Closed Lost
2024-11-05,REP003,B2B1383,105049.70,Discovery
2024-11-06,REP003,B2B1384,230128.67,Proposal
2024-11-06,REP001,B2B1385,129726.59,Proposal
2024-11-06,REP001,B2B1386,304910.31,Negotiation
2024-11-07,REP003,B2B1387,312628.09,Proposal
2024-11-07,REP002,B2B1388,287085.26,Proposal
2024-11-07,REP003,B2B1389,82801.70,Negotiation
2024-11-08,REP002,B2B1390,128259.49,Discovery
2024-11-08,REP002,B2B1391,280299.13,Closed Lost
2024-11-11,REP002,B2B1392,154922.08,Discovery
2024-11-11,REP003,B2B1393,229782.58,Proposal
2024-11-11,REP001,B2B1394,198785.27,Discovery
2024-11-12,REP003,B2B1395,223647.17,Discovery
2024-11-12,REP002,B2B1396,136368.20,Proposal
2024-11-12,REP003,B2B1397,249930.13,Closed Lost
2024-11-12,REP001,B2B1398,87190.03,Closed Lost
2024-11-12,REP002,B2B1399,66631.73,Closed Won
2024-11-13,REP001,B2B1400,109570.76,Discovery
2024-11-13,REP002,B2B1401,201204.30,Closed Lost
2024-11-13,REP001,B2B1402,139403.77,Closed Won
2024-11-13,REP002,B2B1403,171679.98,Discovery
2024-11-13,REP002,B2B1404,111514.53,Closed Lost
2024-11-14,REP002,B2B1405,155505.29,Negotiation
2024-11-14,REP003,B2B1406,131246.66,Discovery
2024-11-14,REP002,B2B1407,289994.06,Closed Won
2024-11-14,REP001,B2B1408,225789.47,Proposal
2024-11-14,REP003,B2B1409,159194.21,Discovery
2024-11-15,REP003,B2B1410,221757.06,Proposal
2024-11-15,REP002,B2B1411,94268.89,Discovery
2024-11-15,REP001,B2B1412,137815.38,Closed Won
2024-11-15,REP003,B2B1413,94992.49,Negotiation
2024-11-18,REP002,B2B1414,253917.88,Closed Lost
2024-11-18,REP003,B2B1415,308950.47,Discovery
2024-11-18,REP003,B2B1416,278988.43,Closed Lost
2024-11-18,REP001,B2B1417,240596.32,Closed Won
2024-11-19,REP003,B2B1418,109510.38,Discovery
2024-11-19,REP003,B2B1419,247577.23,Closed Won
2024-11-19,REP002,B2B1420,94272.89,Proposal
2024-11-20,REP002,B2B1421,292729.15,Proposal
2024-11-20,REP002,B2B1422,219958.62,Proposal
2024-11-20,REP002,B2B1423,321398.77,Discovery
2024-11-20,REP003,B2B1424,135625.36,Closed Lost
2024-11-21,REP002,B2B1425,65679.20,Negotiation
2024-11-21,REP002,B2B1426,287153.57,Closed Lost
2024-11-21,REP003,B2B1427,112971.53,Negotiation
2024-11-21,REP002,B2B1428,154052.58,Negotiation
2024-11-21,REP003,B2B1429,220457.28,Negotiation
2024-11-22,REP002,B2B1430,274947.77,Negotiation
2024-11-22,REP002,B2B1431,162972.02,Closed Lost
2024-11-22,REP003,B2B1432,159891.06,Negotiation
2024-11-25,REP001,B2B1433,90364.54,Negotiation
2024-11-25,REP002,B2B1434,58528.26,Negotiation
2024-11-25,REP003,B2B1435,292139.04,Negotiation
2024-11-26,REP002,B2B1436,97535.91,Negotiation
2024-11-26,REP003,B2B1437,158393.32,Negotiation
2024-11-27,REP001,B2B1438,83748.51,Negotiation
2024-11-27,REP001,B2B1439,115228.53,Closed Lost
2024-11-27,REP001,B2B1440,102677.12,Negotiation
2024-11-27,REP001,B2B1441,362373.53,Negotiation
2024-11-27,REP003,B2B1442,207678.96,Proposal
2024-11-28,REP001,B2B1443,153108.84,Negotiation
2024-11-28,REP002,B2B1444,113249.12,Closed Won
2024-11-28,REP001,B2B1445,204404.38,Closed Won
2024-11-28,REP001,B2B1446,94025.25,Discovery
2024-11-28,REP003,B2B1447,197993.11,Discovery
2024-11-29,REP003,B2B1448,281822.77,Discovery
2024-11-29,REP001,B2B1449,146048.18,Closed Lost
2024-11-29,REP002,B2B1450,82495.75,Proposal
2024-11-29,REP001,B2B1451,143669.90,Negotiation
2024-11-29,REP003,B2B1452,234662.54,Closed Won
2024-12-02,REP002,B2B1453,329300.66,Closed Won
2024-12-02,REP001,B2B1454,98556.78,Discovery
2024-12-02,REP003,B2B1455,257997.85,Negotiation
2024-12-02,REP003,B2B1456,303867.34,Closed Won
2024-12-03,REP003,B2B1457,201422.80,Negotiation
2024-12-03,REP002,B2B1458,109153.55,Discovery
2024-12-03,REP003,B2B1459,303541.18,Negotiation
2024-12-04,REP002,B2B1460,391553.26,Negotiation
2024-12-04,REP002,B2B1461,267409.95,Discovery
2024-12-04,REP001,B2B1462,72403.85,Proposal
2024-12-05,REP001,B2B1463,169551.90,Negotiation
2024-12-05,REP002,B2B1464,262810.12,Discovery
2024-12-05,REP003,B2B1465,144589.96,Closed Lost
2024-12-06,REP001,B2B1466,248604.34,Discovery
2024-12-06,REP002,B2B1467,341691.31,Discovery
2024-12-09,REP001,B2B1468,109796.68,Proposal
2024-12-09,REP003,B2B1469,269569.18,Proposal
2024-12-09,REP003,B2B1470,61779.94,Closed Won
2024-12-10,REP002,B2B1471,87400.03,Negotiation
2024-12-10,REP003,B2B1472,177379.99,Proposal
2024-12-10,REP001,B2B1473,93936.64,Proposal
2024-12-11,REP001,B2B1474,273032.65,Closed Lost
2024-12-11,REP001,B2B1475,64595.46,Negotiation
2024-12-11,REP002,B2B1476,278977.84,Proposal
2024-12-11,REP002,B2B1477,108074.08,Proposal
2024-12-11,REP002,B2B1478,141444.56,Closed Won
2024-12-12,REP001,B2B1479,320451.12,Closed Lost
2024-12-12,REP002,B2B1480,75023.59,Discovery
2024-12-12,REP003,B2B1481,326239.55,Proposal
2024-12-12,REP002,B2B1482,72831.76,Closed Won
2024-12-12,REP001,B2B1483,162705.06,Closed Lost
2024-12-13,REP003,B2B1484,247280.33,Discovery
2024-12-13,REP002,B2B1485,243155.97,Closed Won
2024-12-13,REP003,B2B1486,263170.43,Closed Won
2024-12-16,REP001,B2B1487,151229.33,Negotiation
2024-12-16,REP001,B2B1488,123055.73,Proposal
2024-12-16,REP001,B2B1489,327631.53,Closed Lost
2024-12-16,REP001,B2B1490,244677.97,Proposal
2024-12-16,REP002,B2B1491,206608.51,Closed Lost
2024-12-17,REP003,B2B1492,333015.32,Proposal
2024-12-17,REP001,B2B1493,271470.98,Negotiation
2024-12-17,REP002,B2B1494,80747.48,Negotiation
2024-12-18,REP002,B2B1495,291487.16,Closed Won
2024-12-18,REP001,B2B1496,275139.50,Proposal
2024-12-18,REP001,B2B1497,277080.16,Discovery
2024-12-19,REP002,B2B1498,177941.10,Proposal
2024-12-19,REP001,B2B1499,187458.47,Negotiation
2024-12-20,REP003,B2B1500,342580.33,Negotiation
2024-12-20,REP001,B2B1501,54855.23,Discovery
2024-12-20,REP001,B2B1502,301883.75,Closed Lost
2024-12-23,REP003,B2B1503,195395.07,Closed Lost
2024-12-23,REP003,B2B1504,193524.61,Negotiation
2024-12-23,REP002,B2B1505,73531.56,Negotiation
2024-12-23,REP002,B2B1506,239231.88,Discovery
2024-12-24,REP001,B2B1507,149202.09,Negotiation
2024-12-24,REP001,B2B1508,82511.39,Negotiation
2024-12-24,REP002,B2B1509,120876.31,Closed Lost
2024-12-24,REP003,B2B1510,83727.18,Proposal
2024-12-25,REP002,B2B1511,194805.60,Negotiation
2024-12-25,REP001,B2B1512,80327.36,Discovery
2024-12-25,REP002,B2B1513,92394.50,Proposal
2024-12-25,REP003,B2B1514,57516.35,Discovery
2024-12-26,REP003,B2B1515,231397.58,Proposal
2024-12-26,REP002,B2B1516,81837.50,Closed Won
2024-12-26,REP003,B2B1517,188127.45,Closed Lost
2024-12-27,REP002,B2B1518,75939.91,Discovery
2024-12-27,REP001,B2B1519,179239.99,Closed Won
2024-12-27,REP001,B2B1520,72691.09,Proposal
2024-12-27,REP002,B2B1521,228735.84,Discovery
2024-12-27,REP002,B2B1522,315801.37,Closed Lost
2024-12-30,REP003,B2B1523,174371.62,Negotiation
2024-12-30,REP001,B2B1524,363714.62,Closed Lost
2024-12-30,REP003,B2B1525,242488.70,Proposal
2024-12-30,REP001,B2B1526,223145.02,Negotiation
2024-12-30,REP001,B2B1527,63938.92,Closed Lost
2024-12-31,REP001,B2B1528,131735.88,Closed Lost
2024-12-31,REP001,B2B1529,169282.33,Discovery
2024-12-31,REP002,B2B1530,163450.34,Closed Lost
2024-12-31,REP003,B2B1531,229517.36,Negotiation
2025-01-01,REP001,B2B1532,265429.25,Closed Lost
2025-01-01,REP002,B2B1533,158105.93,Negotiation
2025-01-01,REP003,B2B1534,209422.32,Closed Lost
2025-01-01,REP002,B2B1535,218300.59,Negotiation
2025-01-01,REP001,B2B1536,174210.59,Closed Won
2025-01-02,REP002,B2B1537,333952.49,Discovery
2025-01-02,REP001,B2B1538,146927.93,Closed Won
2025-01-03,REP001,B2B1539,234091.35,Closed Won
2025-01-03,REP002,B2B1540,166854.50,Closed Won
2025-01-03,REP001,B2B1541,69099.02,Closed Lost
2025-01-06,REP001,B2B1542,192931.19,Discovery
2025-01-06,REP003,B2B1543,160945.09,Closed Won
2025-01-06,REP003,B2B1544,53794.86,Closed Lost
2025-01-06,REP001,B2B1545,182728.40,Proposal
2025-01-07,REP002,B2B1546,124486.88,Negotiation
2025-01-07,REP003,B2B1547,227730.27,Closed Lost
2025-01-07,REP003,B2B1548,240403.79,Negotiation
2025-01-07,REP002,B2B1549,216295.38,Proposal
2025-01-07,REP002,B2B1550,314654.91,Negotiation
2025-01-08,REP002,B2B1551,196934.30,Discovery
2025-01-08,REP002,B2B1552,180380.42,Closed Lost
2025-01-08,REP001,B2B1553,288350.78,Proposal
2025-01-09,REP002,B2B1554,202997.73,Negotiation
2025-01-09,REP002,B2B1555,139080.85,Closed Lost
2025-01-09,REP003,B2B1556,272872.56,Proposal
2025-01-09,REP001,B2B1557,201028.57,Closed Lost
2025-01-10,REP001,B2B1558,169542.25,Closed Lost
2025-01-10,REP003,B2B1559,281646.39,Closed Lost
2025-01-10,REP003,B2B1560,281510.91,Discovery
2025-01-10,REP001,B2B1561,343926.57,Closed Lost
2025-01-10,REP002,B2B1562,86850.04,Closed Won
2025-01-13,REP002,B2B1563,135989.94,Closed Lost
2025-01-13,REP002,B2B1564,94152.71,Negotiation
2025-01-14,REP002,B2B1565,238229.14,Proposal
2025-01-14,REP001,B2B1566,69116.30,Closed Lost
2025-01-14,REP002,B2B1567,284576.33,Closed Won
2025-01-14,REP001,B2B1568,85471.08,Discovery
2025-01-15,REP003,B2B1569,268492.21,Discovery
2025-01-15,REP001,B2B1570,278769.34,Negotiation
2025-01-15,REP002,B2B1571,338929.37,Closed Lost
2025-01-16,REP001,B2B1572,133462.86,Closed Won
2025-01-16,REP001,B2B1573,229004.88,Closed Won
2025-01-16,REP001,B2B1574,252216.95,Negotiation
2025-01-16,REP003,B2B1575,130553.60,Negotiation
2025-01-16,REP001,B2B1576,119219.03,Discovery
2025-01-17,REP001,B2B1577,332977.09,Closed Lost
2025-01-17,REP002,B2B1578,71027.95,Proposal
2025-01-20,REP001,B2B1579,366563.09,Proposal
2025-01-20,REP001,B2B1580,298915.75,Proposal
2025-01-20,REP002,B2B1581,181465.60,Discovery
2025-01-20,REP001,B2B1582,126641.05,Closed Won
2025-01-20,REP003,B2B1583,225303.59,Closed Won
2025-01-21,REP001,B2B1584,243322.93,Negotiation
2025-01-21,REP003,B2B1585,216331.55,Proposal
2025-01-22,REP002,B2B1586,274734.34,Discovery
2025-01-22,REP003,B2B1587,233453.58,Closed Won
2025-01-22,REP002,B2B1588,318327.49,Discovery
2025-01-22,REP002,B2B1589,114996.61,Negotiation
2025-01-23,REP001,B2B1590,123276.00,Discovery
2025-01-23,REP001,B2B1591,82968.45,Closed Lost
2025-01-24,REP002,B2B1592,173067.31,Proposal
2025-01-24,REP001,B2B1593,125651.49,Closed Lost
2025-01-24,REP001,B2B1594,227980.33,Proposal
2025-01-24,REP002,B2B1595,173703.05,Discovery
2025-01-27,REP001,B2B1596,301249.32,Negotiation
2025-01-27,REP002,B2B1597,197004.31,Discovery
2025-01-27,REP003,B2B1598,236078.77,Closed Won
2025-01-28,REP001,B2B1599,162397.13,Closed Won
2025-01-28,REP001,B2B1600,253806.53,Negotiation
2025-01-28,REP001,B2B1601,289178.27,Discovery
2025-01-28,REP001,B2B1602,130052.01,Proposal
2025-01-29,REP003,B2B1603,222578.31,Negotiation
2025-01-29,REP002,B2B1604,110479.05,Proposal
2025-01-29,REP001,B2B1605,92279.37,Negotiation
2025-01-30,REP001,B2B1606,336111.67,Discovery
2025-01-30,REP001,B2B1607,154308.46,Proposal
2025-01-30,REP001,B2B1608,245398.69,Negotiation
2025-01-30,REP001,B2B1609,182373.88,Closed Won
2025-01-30,REP002,B2B1610,206945.31,Discovery
2025-01-31,REP003,B2B1611,224261.23,Closed Won
2025-01-31,REP002,B2B1612,256175.25,Closed Lost
2025-01-31,REP001,B2B1613,335260.81,Discovery
2025-01-31,REP002,B2B1614,139890.22,Closed Won
2025-01-31,REP001,B2B1615,268759.54,Closed Won
2025-02-03,REP002,B2B1616,209082.74,Negotiation
2025-02-03,REP003,B2B1617,66111.13,Closed Lost
2025-02-03,REP003,B2B1618,139959.76,Negotiation
2025-02-04,REP001,B2B1619,206812.69,Proposal
2025-02-04,REP002,B2B1620,250625.09,Discovery
2025-02-04,REP001,B2B1621,75805.01,Discovery
2025-02-05,REP003,B2B1622,174417.91,Negotiation
2025-02-05,REP003,B2B1623,212159.23,Closed Lost
2025-02-06,REP003,B2B1624,327980.16,Discovery
2025-02-06,REP002,B2B1625,138875.82,Discovery
2025-02-07,REP003,B2B1626,118637.36,Closed Lost
2025-02-07,REP002,B2B1627,290945.53,Proposal
2025-02-07,REP003,B2B1628,164247.37,Closed Won
2025-02-10,REP001,B2B1629,97325.15,Closed Won
2025-02-10,REP002,B2B1630,272381.59,Proposal
2025-02-11,REP001,B2B1631,179346.01,Negotiation
2025-02-11,REP001,B2B1632,93198.72,Negotiation
2025-02-11,REP003,B2B1633,308373.17,Closed Lost
2025-02-12,REP001,B2B1634,320023.58,Closed Lost
2025-02-12,REP001,B2B1635,115614.85,Negotiation
2025-02-12,REP002,B2B1636,161984.08,Negotiation
2025-02-12,REP003,B2B1637,266094.73,Closed Won
2025-02-12,REP003,B2B1638,233460.49,Closed Won
2025-02-13,REP001,B2B1639,60513.34,Negotiation
2025-02-13,REP003,B2B1640,259029.76,Discovery
2025-02-14,REP001,B2B1641,249520.56,Closed Won
2025-02-14,REP002,B2B1642,130635.42,Closed Won
2025-02-14,REP003,B2B1643,236107.62,Proposal
2025-02-14,REP003,B2B1644,257271.80,Closed Won
2025-02-17,REP002,B2B1645,157197.02,Proposal
2025-02-17,REP001,B2B1646,320828.99,Discovery
2025-02-17,REP002,B2B1647,159768.45,Discovery
2025-02-17,REP001,B2B1648,320103.68,Closed Lost
2025-02-17,REP003,B2B1649,360713.66,Proposal
2025-02-18,REP001,B2B1650,94682.13,Closed Won
2025-02-18,REP001,B2B1651,64149.15,Closed Lost
2025-02-18,REP002,B2B1652,142776.92,Proposal
2025-02-18,REP002,B2B1653,117864.47,Proposal
2025-02-19,REP001,B2B1654,295865.09,Proposal
2025-02-19,REP001,B2B1655,162976.28,Discovery
2025-02-19,REP002,B2B1656,250598.68,Closed Lost
2025-02-19,REP002,B2B1657,86269.64,Proposal
2025-02-19,REP003,B2B1658,83085.13,Discovery
2025-02-20,REP002,B2B1659,201546.07,Proposal
2025-02-20,REP003,B2B1660,346537.35,Proposal
2025-02-21,REP001,B2B1661,356739.08,Proposal
2025-02-21,REP001,B2B1662,163436.88,Discovery
2025-02-21,REP003,B2B1663,189791.91,Proposal
2025-02-24,REP003,B2B1664,168785.57,Discovery
2025-02-24,REP001,B2B1665,288010.49,Discovery
2025-02-24,REP003,B2B1666,153103.81,Negotiation
2025-02-24,REP002,B2B1667,281045.27,Discovery
2025-02-24,REP001,B2B1668,322255.21,Closed Won
2025-02-25,REP003,B2B1669,254445.46,Proposal
2025-02-25,REP002,B2B1670,223433.94,Closed Won
2025-02-25,REP002,B2B1671,271735.74,Closed Won
2025-02-25,REP003,B2B1672,152586.01,Proposal
2025-02-25,REP001,B2B1673,132022.84,Proposal
2025-02-26,REP003,B2B1674,116508.45,Proposal
2025-02-26,REP001,B2B1675,110630.76,Discovery
2025-02-27,REP003,B2B1676,77642.28,Closed Lost
2025-02-27,REP001,B2B1677,333695.84,Discovery
2025-02-27,REP002,B2B1678,329309.43,Closed Lost
2025-02-27,REP003,B2B1679,298652.41,Discovery
2025-02-28,REP003,B2B1680,203035.36,Closed Lost
2025-02-28,REP003,B2B1681,329124.78,Negotiation
2025-02-28,REP003,B2B1682,280172.38,Proposal
2025-02-28,REP001,B2B1683,290749.47,Discovery
2025-02-28,REP001,B2B1684,117011.59,Proposal
2025-03-03,REP001,B2B1685,64857.20,Proposal
2025-03-03,REP003,B2B1686,104384.56,Proposal
2025-03-04,REP001,B2B1687,173679.74,Discovery
2025-03-04,REP002,B2B1688,302366.65,Proposal
2025-03-05,REP002,B2B1689,270165.37,Proposal
2025-03-05,REP002,B2B1690,291468.24,Closed Lost
2025-03-06,REP001,B2B1691,184577.24,Closed Lost
2025-03-06,REP003,B2B1692,206376.96,Proposal
2025-03-07,REP001,B2B1693,283045.46,Proposal
2025-03-07,REP003,B2B1694,223147.42,Proposal
2025-03-07,REP001,B2B1695,342903.19,Closed Won
2025-03-10,REP003,B2B1696,181414.69,Closed Lost
2025-03-10,REP002,B2B1697,126262.95,Closed Won
2025-03-11,REP001,B2B1698,188980.32,Discovery
2025-03-11,REP001,B2B1699,137788.46,Closed Lost
2025-03-12,REP001,B2B1700,341712.17,Closed Lost
2025-03-12,REP003,B2B1701,278891.10,Proposal
2025-03-12,REP002,B2B1702,308188.74,Discovery
2025-03-13,REP002,B2B1703,293130.56,Discovery
2025-03-13,REP002,B2B1704,334302.64,Discovery
2025-03-13,REP002,B2B1705,303177.96,Negotiation
2025-03-13,REP003,B2B1706,101273.29,Closed Lost
2025-03-13,REP001,B2B1707,286081.44,Negotiation
2025-03-14,REP001,B2B1708,237294.06,Closed Won
2025-03-14,REP001,B2B1709,212114.32,Closed Lost
2025-03-14,REP003,B2B1710,105967.59,Closed Lost
2025-03-17,REP003,B2B1711,279877.05,Negotiation
2025-03-17,REP003,B2B1712,221752.30,Proposal
2025-03-17,REP003,B2B1713,185403.98,Negotiation
2025-03-18,REP003,B2B1714,200730.56,Closed Lost
2025-03-18,REP001,B2B1715,123067.12,Closed Won
2025-03-18,REP001,B2B1716,145858.86,Proposal
2025-03-18,REP002,B2B1717,167251.07,Closed Lost
2025-03-18,REP002,B2B1718,276168.03,Closed Won
2025-03-19,REP001,B2B1719,247729.91,Closed Lost
2025-03-19,REP001,B2B1720,200381.14,Closed Lost
2025-03-19,REP002,B2B1721,193362.38,Negotiation
2025-03-19,REP001,B2B1722,287275.99,Discovery
2025-03-20,REP003,B2B1723,304363.58,Closed Won
2025-03-20,REP002,B2B1724,256295.93,Closed Lost
2025-03-21,REP002,B2B1725,153505.21,Closed Lost
2025-03-21,REP001,B2B1726,338692.83,Discovery
2025-03-21,REP002,B2B1727,182955.81,Negotiation
2025-03-21,REP002,B2B1728,223311.01,Closed Lost
2025-03-24,REP002,B2B1729,154168.68,Closed Lost
2025-03-24,REP003,B2B1730,73912.05,Closed Lost
2025-03-25,REP003,B2B1731,276774.44,Closed Won
2025-03-25,REP001,B2B1732,183665.45,Discovery
2025-03-25,REP001,B2B1733,220143.80,Closed Won
2025-03-26,REP002,B2B1734,165737.74,Discovery
2025-03-26,REP003,B2B1735,117334.36,Closed Lost
2025-03-27,REP002,B2B1736,236260.33,Closed Lost
2025-03-27,REP003,B2B1737,247197.76,Discovery
2025-03-27,REP002,B2B1738,213213.77,Proposal
2025-03-27,REP003,B2B1739,239275.92,Closed Won
2025-03-28,REP003,B2B1740,363791.21,Proposal
2025-03-28,REP001,B2B1741,111950.05,Closed Won
2025-03-28,REP002,B2B1742,385295.09,Negotiation
2025-03-28,REP003,B2B1743,197194.05,Closed Won
2025-03-31,REP003,B2B1744,365770.23,Proposal
2025-03-31,REP001,B2B1745,343061.88,Negotiation
2025-04-01,REP002,B2B1746,98195.46,Closed Won
2025-04-01,REP003,B2B1747,315675.83,Negotiation
2025-04-01,REP002,B2B1748,241915.78,Discovery
2025-04-01,REP003,B2B1749,110228.78,Closed Won
2025-04-01,REP001,B2B1750,201908.97,Discovery
2025-04-02,REP002,B2B1751,188021.27,Discovery
2025-04-02,REP001,B2B1752,151796.01,Negotiation
2025-04-02,REP001,B2B1753,259150.82,Discovery
2025-04-03,REP002,B2B1754,151867.57,Closed Won
2025-04-03,REP002,B2B1755,130059.46,Discovery
2025-04-03,REP002,B2B1756,115120.42,Negotiation
2025-04-03,REP003,B2B1757,257055.33,Closed Won
2025-04-03,REP001,B2B1758,165283.33,Proposal
2025-04-04,REP003,B2B1759,71244.50,Proposal
2025-04-04,REP001,B2B1760,365645.52,Discovery
2025-04-07,REP002,B2B1761,163186.64,Closed Won
2025-04-07,REP002,B2B1762,244249.98,Closed Lost
2025-04-07,REP001,B2B1763,254676.66,Negotiation
2025-04-07,REP001,B2B1764,102709.90,Proposal
2025-04-08,REP001,B2B1765,222641.23,Discovery
2025-04-08,REP001,B2B1766,164261.36,Proposal
2025-04-08,REP003,B2B1767,331234.22,Closed Lost
2025-04-08,REP001,B2B1768,69004.90,Proposal
2025-04-09,REP001,B2B1769,398981.86,Closed Won
2025-04-09,REP001,B2B1770,356792.40,Closed Won
2025-04-10,REP001,B2B1771,196342.90,Negotiation
2025-04-10,REP003,B2B1772,284043.68,Closed Lost
2025-04-10,REP002,B2B1773,279842.32,Negotiation
2025-04-10,REP003,B2B1774,187204.20,Proposal
2025-04-10,REP003,B2B1775,390490.16,Proposal
2025-04-11,REP001,B2B1776,220681.14,Negotiation
2025-04-11,REP003,B2B1777,96263.87,Discovery
2025-04-11,REP001,B2B1778,208119.91,Discovery
2025-04-11,REP002,B2B1779,181944.95,Discovery
2025-04-14,REP002,B2B1780,224078.83,Negotiation
2025-04-14,REP003,B2B1781,150461.20,Proposal
2025-04-14,REP002,B2B1782,194189.88,Negotiation
2025-04-14,REP001,B2B1783,348522.45,Closed Won
2025-04-15,REP002,B2B1784,253696.05,Closed Won
2025-04-15,REP001,B2B1785,128251.57,Closed Lost
2025-04-16,REP001,B2B1786,168383.51,Proposal
2025-04-16,REP001,B2B1787,113289.99,Proposal
2025-04-16,REP002,B2B1788,100640.85,Proposal
